date_obs,ra,dec,expnum,exptime,band,ccd,mag,nite,objid,fakeid,date_added,obscode
2013/9/30 03:31:33,23:56:50.10,1:09:37.8,239651,90.0,r,11,23.0206985474,20130929,3137298,0,2016/2/21 02:18:07,807
2013/9/30 03:33:40,23:56:50.10,1:09:38.0,239652,90.0,i,11,22.4967002869,20130929,3294193,0,2016/2/21 02:18:07,807
2013/10/11 02:55:29,23:56:11.73,1:05:21.5,242745,90.0,z,16,22.5354995728,20131010,1574917,0,2016/2/21 02:18:07,807
2013/10/13 01:16:43,23:56:05.24,1:04:37.8,243471,90.0,z,42,22.6069984436,20131012,3510861,0,2016/2/21 02:18:07,807
2013/10/13 01:56:29,23:56:05.15,1:04:37.1,243490,90.0,i,42,22.7231998444,20131012,3524790,0,2016/2/21 02:18:07,807
2013/9/30 03:35:49,0:09:44.02,2:47:09.6,239653,90.0,r,29,20.576499939,20130929,3170340,0,2016/2/21 02:18:07,807
2013/9/30 03:37:56,0:09:44.00,2:47:09.6,239654,90.0,i,29,20.1025009155,20130929,3332071,0,2016/2/21 02:18:07,807
2013/10/11 02:53:29,0:08:47.68,2:40:38.3,242744,90.0,z,29,19.8378982544,20131010,2021345,0,2016/2/21 02:18:07,807
2013/10/12 02:54:49,0:08:42.70,2:40:03.3,243110,90.0,i,8,20.2350006104,20131011,2453510,0,2016/2/21 02:18:07,807
2013/10/12 03:00:52,0:08:42.67,2:40:03.1,243113,90.0,z,8,19.9277992249,20131011,1968568,0,2016/2/21 02:18:07,807
2013/10/28 01:26:57,0:07:29.20,2:31:16.7,247499,90.0,r,7,20.7062988281,20131027,3777995,0,2016/2/21 02:18:07,807
2013/9/30 03:48:55,0:13:53.32,1:51:47.0,239659,90.0,r,21,22.8481998444,20130929,3147788,0,2016/2/21 02:18:07,807
2013/9/30 03:51:02,0:13:53.32,1:51:46.7,239660,90.0,i,21,22.1588993073,20130929,3232505,0,2016/2/21 02:18:07,807
2013/10/12 02:54:49,0:13:10.05,1:47:22.5,243110,90.0,i,43,22.206199646,20131011,2510518,0,2016/2/21 02:18:07,807
2013/10/13 02:11:38,0:13:06.64,1:47:01.6,243497,90.0,z,52,21.7738990784,20131012,2674645,0,2016/2/21 02:18:07,807
2013/9/30 03:10:13,23:58:44.32,1:58:52.6,239641,90.0,r,13,22.8194999695,20130929,3101276,0,2016/2/21 02:18:07,807
2013/9/30 03:12:19,23:58:44.31,1:58:52.6,239642,90.0,i,13,21.4945983887,20130929,3112624,0,2016/2/21 02:18:07,807
2013/10/11 02:49:18,23:58:02.13,1:53:27.3,242742,90.0,z,19,21.220500946,20131010,2032476,0,2016/2/21 02:18:07,807
2013/10/12 02:56:49,23:57:58.40,1:52:58.1,243111,90.0,i,41,21.6231994629,20131011,2432005,0,2016/2/21 02:18:07,807
2013/10/12 02:58:49,23:57:58.39,1:52:58.0,243112,90.0,z,41,21.3826999664,20131011,2505184,0,2016/2/21 02:18:07,807
2013/10/13 01:56:29,23:57:54.86,1:52:30.4,243490,90.0,i,17,21.7141990662,20131012,3463182,0,2016/2/21 02:18:07,807
2013/10/28 00:50:05,23:57:04.08,1:45:40.6,247481,90.0,r,38,22.3847007751,20131027,2630765,0,2016/2/21 02:18:07,807
2013/10/12 02:56:49,23:59:04.89,2:20:24.3,243111,90.0,i,22,22.3453998566,20131011,2407948,0,2016/2/21 02:18:07,807
2013/10/12 02:58:49,23:59:04.89,2:20:24.3,243112,90.0,z,22,22.0932998657,20131011,2479789,0,2016/2/21 02:18:07,807
2013/10/13 01:18:43,23:59:01.14,2:19:59.2,243472,90.0,z,33,22.3490982056,20131012,3268631,0,2016/2/21 02:18:07,807
2013/10/13 02:34:31,23:59:00.94,2:19:57.7,243508,90.0,i,33,22.454498291,20131012,3732058,0,2016/2/21 02:18:07,807
2013/11/8 03:05:12,23:57:32.07,2:09:39.3,251776,90.0,r,27,23.2165985107,20131107,3782320,0,2016/2/21 02:18:07,807
2013/9/30 03:12:19,23:58:46.29,1:56:25.6,239642,90.0,i,19,22.9500999451,20130929,3110843,0,2016/2/21 02:18:07,807
2013/10/11 02:49:18,23:58:01.25,1:50:56.5,242742,90.0,z,19,22.6538009644,20131010,2032470,0,2016/2/21 02:18:07,807
2013/10/13 01:56:29,23:57:53.50,1:49:59.2,243490,90.0,i,17,22.616399765,20131012,3463184,0,2016/2/21 02:18:07,807
2013/9/30 03:31:33,23:55:49.87,0:54:56.2,239651,90.0,r,22,23.5705986023,20130929,3164177,0,2016/2/21 02:18:07,807
2013/9/30 03:33:40,23:55:49.87,0:54:56.4,239652,90.0,i,22,23.1047992706,20130929,3344518,0,2016/2/21 02:18:07,807
2013/10/12 02:22:03,23:55:12.04,0:49:59.7,243094,90.0,i,44,23.1704998016,20131011,2265720,0,2016/2/21 02:18:07,807
2013/10/13 01:56:29,23:55:09.05,0:49:36.1,243490,90.0,i,53,23.0742988586,20131012,3544444,0,2016/2/21 02:18:07,807
2013/10/11 02:55:29,23:57:15.92,0:32:58.1,242745,90.0,z,37,22.1308994293,20131010,1640454,0,2016/2/21 02:18:07,807
2013/10/12 02:50:41,23:57:12.25,0:32:34.4,243108,90.0,i,14,22.1683998108,20131011,2443496,0,2016/2/21 02:18:07,807
2013/10/12 02:52:40,23:57:12.25,0:32:34.3,243109,90.0,z,14,21.9326992035,20131011,2395935,0,2016/2/21 02:18:07,807
2013/10/13 01:16:43,23:57:08.84,0:32:12.5,243471,90.0,z,62,22.0986995697,20131012,3541715,0,2016/2/21 02:18:07,807
2013/10/13 01:56:29,23:57:08.74,0:32:11.7,243490,90.0,i,62,22.1674995422,20131012,3557397,0,2016/2/21 02:18:07,807
2013/10/28 01:45:05,23:56:18.15,0:26:44.0,247508,90.0,i,45,22.4384994507,20131027,3663325,0,2016/2/21 02:18:07,807
2013/10/4 05:25:03,0:06:39.57,-4:35:40.6,241142,90.0,r,27,21.9881000519,20131003,1538078,0,2016/2/21 02:18:07,807
2013/10/4 05:27:04,0:06:39.56,-4:35:40.8,241143,90.0,i,27,21.6100997925,20131003,1653664,0,2016/2/21 02:18:07,807
2013/10/13 03:15:20,0:05:55.19,-4:39:28.7,243527,90.0,z,26,21.2894992828,20131012,3706296,0,2016/2/21 02:18:07,807
2013/11/8 03:44:39,0:04:05.50,-4:47:22.5,251794,90.0,i,21,21.6963005066,20131107,3814949,0,2016/2/21 02:18:07,807
2013/9/30 03:31:33,23:53:04.61,0:34:32.6,239651,90.0,r,33,22.0029983521,20130929,3190143,0,2016/2/21 02:18:07,807
2013/9/30 03:33:40,23:53:04.62,0:34:32.5,239652,90.0,i,33,22.1585006714,20130929,3387843,0,2016/2/21 02:18:07,807
2013/10/11 02:55:29,23:52:18.33,0:28:53.9,242745,90.0,z,33,21.7073993683,20131010,1628856,0,2016/2/21 02:18:07,807
2013/10/12 02:22:03,23:52:14.37,0:28:24.6,243094,90.0,i,53,22.012298584,20131011,2278327,0,2016/2/21 02:18:07,807
2013/10/13 01:33:07,23:52:10.48,0:27:55.9,243479,90.0,z,30,21.6773986816,20131012,3534879,0,2016/2/21 02:18:07,807
2013/10/13 01:54:28,23:52:10.43,0:27:55.5,243489,90.0,i,30,21.9636001587,20131012,3590041,0,2016/2/21 02:18:07,807
2013/9/30 03:10:13,0:04:29.09,1:41:19.2,239641,90.0,r,30,23.2838993073,20130929,3103272,0,2016/2/21 02:18:07,807
2013/9/30 03:12:19,0:04:29.09,1:41:19.2,239642,90.0,i,30,22.9547996521,20130929,3117088,0,2016/2/21 02:18:07,807
2013/10/13 01:18:43,0:03:37.05,1:34:26.2,243472,90.0,z,62,22.6050987244,20131012,3359960,0,2016/2/21 02:18:07,807
2013/10/13 02:34:31,0:03:36.85,1:34:24.7,243508,90.0,i,62,22.2356987,20131012,3766733,0,2016/2/21 02:18:07,807
2013/10/28 01:26:57,0:02:42.70,1:27:01.0,247499,90.0,r,45,23.3564987183,20131027,3805919,0,2016/2/21 02:18:07,807
2013/10/11 02:55:29,23:55:27.78,1:11:13.5,242745,90.0,z,10,20.864200592,20131010,1557950,0,2016/2/21 02:18:07,807
2013/10/13 01:16:43,23:55:19.02,1:10:20.2,243471,90.0,z,41,21.0850982666,20131012,3510307,0,2016/2/21 02:18:07,807
2013/10/13 01:56:29,23:55:18.90,1:10:19.6,243490,90.0,i,41,21.1639995575,20131012,3522779,0,2016/2/21 02:18:07,807
2013/10/28 00:50:05,23:54:16.67,1:03:59.0,247481,90.0,r,58,21.8425998688,20131027,2643735,0,2016/2/21 02:18:07,807
2013/10/28 00:54:07,23:54:16.66,1:03:59.0,247483,90.0,i,58,21.3719997406,20131027,2625950,0,2016/2/21 02:18:07,807
2013/11/8 02:57:04,23:53:39.00,1:00:06.1,251772,90.0,r,36,21.8558998108,20131107,3818209,0,2016/2/21 02:18:07,807
2013/9/30 03:31:33,23:53:34.24,1:12:35.9,239651,90.0,r,9,21.4990997314,20130929,3131931,0,2016/2/21 02:18:07,807
2013/9/30 03:33:40,23:53:34.23,1:12:35.8,239652,90.0,i,9,21.0886993408,20130929,3283154,0,2016/2/21 02:18:07,807
2013/10/12 02:22:03,23:52:37.46,1:06:35.3,243094,90.0,i,28,21.1909999847,20131011,2240012,0,2016/2/21 02:18:07,807
2013/10/13 01:16:43,23:52:33.12,1:06:07.3,243471,90.0,z,39,21.8525009155,20131012,3502117,0,2016/2/21 02:18:07,807
2013/10/13 01:56:29,23:52:32.99,1:06:06.6,243490,90.0,i,39,21.0062999725,20131012,3517346,0,2016/2/21 02:18:07,807
2013/9/30 03:51:02,0:11:07.28,1:17:25.0,239660,90.0,i,45,21.2583007812,20130929,3286369,0,2016/2/21 02:18:07,807
2013/10/12 02:54:49,0:10:07.78,1:10:40.0,243110,90.0,i,60,21.3866004944,20131011,2529632,0,2016/2/21 02:18:07,807
2013/10/12 03:00:52,0:10:07.75,1:10:39.7,243113,90.0,z,60,20.9249000549,20131011,2085002,0,2016/2/21 02:18:07,807
2013/10/13 02:09:40,0:10:03.10,1:10:08.0,243496,90.0,z,43,21.0263996124,20131012,2679162,0,2016/2/21 02:18:07,807
2013/10/13 02:46:38,0:10:02.98,1:10:07.2,243514,90.0,i,43,21.4351997375,20131012,3700220,0,2016/2/21 02:18:07,807
2013/10/28 01:43:05,0:08:55.83,1:02:27.2,247507,90.0,r,19,21.9003982544,20131027,3809318,0,2016/2/21 02:18:07,807
2013/9/30 03:08:02,23:50:44.22,1:55:29.1,239640,90.0,r,23,23.1784000397,20130929,3286672,0,2016/2/21 02:18:07,807
2013/9/30 03:14:27,23:50:44.21,1:55:29.0,239643,90.0,i,23,22.9895992279,20130929,3146383,0,2016/2/21 02:18:07,807
2013/10/12 02:22:03,23:50:07.84,1:51:34.6,243094,90.0,i,4,23.0242996216,20131011,2179952,0,2016/2/21 02:18:07,807
2013/10/28 00:50:05,23:49:24.95,1:46:47.4,247481,90.0,r,32,23.1487007141,20131027,2621479,0,2016/2/21 02:18:07,807
2013/9/30 03:48:55,0:11:14.26,1:35:51.7,239659,90.0,r,32,23.52409935,20130929,3156008,0,2016/2/21 02:18:07,807
2013/9/30 03:51:02,0:11:14.27,1:35:51.7,239660,90.0,i,32,22.6904983521,20130929,3263447,0,2016/2/21 02:18:07,807
2013/10/12 02:54:49,0:10:32.67,1:31:16.1,243110,90.0,i,52,22.8682994843,20131011,2520891,0,2016/2/21 02:18:07,807
2013/10/12 03:00:52,0:10:32.66,1:31:16.1,243113,90.0,z,52,22.5760993958,20131011,2062229,0,2016/2/21 02:18:07,807
2013/10/13 02:09:40,0:10:29.40,1:30:54.5,243496,90.0,z,30,22.5006999969,20131012,2665638,0,2016/2/21 02:18:07,807
2013/10/28 01:43:05,0:09:41.95,1:25:38.2,247507,90.0,r,8,23.3544006348,20131027,3801660,0,2016/2/21 02:18:07,807
2013/9/30 03:12:19,0:03:11.52,1:38:43.3,239642,90.0,i,29,21.6344985962,20130929,3113921,0,2016/2/21 02:18:07,807
2013/10/11 02:49:18,0:02:19.89,1:32:58.4,242742,90.0,z,36,21.3218994141,20131010,2062406,0,2016/2/21 02:18:07,807
2013/10/28 01:41:02,0:01:08.24,1:24:50.2,247506,90.0,r,11,22.1054000854,20131027,3774812,0,2016/2/21 02:18:07,807
2013/10/28 01:45:05,0:01:08.24,1:24:50.2,247508,90.0,i,11,21.8467998505,20131027,3649809,0,2016/2/21 02:18:07,807
2013/9/30 03:12:19,0:01:41.82,2:16:42.5,239642,90.0,i,10,22.803899765,20130929,3111620,0,2016/2/21 02:18:07,807
2013/10/12 02:56:49,0:01:03.85,2:12:35.2,243111,90.0,i,30,22.6047992706,20131011,2412587,0,2016/2/21 02:18:07,807
2013/10/13 01:18:43,0:01:01.00,2:12:16.4,243472,90.0,z,41,22.3155994415,20131012,3294935,0,2016/2/21 02:18:07,807
2013/10/13 02:34:31,0:01:00.85,2:12:15.3,243508,90.0,i,41,22.5593986511,20131012,3743806,0,2016/2/21 02:18:07,807
2013/9/30 03:35:49,0:08:36.98,2:36:35.6,239653,90.0,r,35,21.9558982849,20130929,3179455,0,2016/2/21 02:18:07,807
2013/10/11 02:53:29,0:07:51.47,2:30:14.6,242744,90.0,z,35,21.0461006165,20131010,2031660,0,2016/2/21 02:18:07,807
2013/10/12 02:54:49,0:07:47.42,2:29:40.4,243110,90.0,i,13,21.4538002014,20131011,2462652,0,2016/2/21 02:18:07,807
2013/10/12 03:00:52,0:07:47.41,2:29:40.2,243113,90.0,z,13,21.309299469,20131011,1983022,0,2016/2/21 02:18:07,807
2013/10/28 01:26:57,0:06:47.57,2:20:58.7,247499,90.0,r,11,22.0911998749,20131027,3781041,0,2016/2/21 02:18:07,807
2013/9/30 03:48:55,0:10:57.48,1:18:59.4,239659,90.0,r,39,23.0340003967,20130929,3159645,0,2016/2/21 02:18:07,807
2013/9/30 03:51:02,0:10:57.48,1:18:59.4,239660,90.0,i,39,22.4762001038,20130929,3277251,0,2016/2/21 02:18:07,807
2013/10/12 02:54:49,0:10:03.36,1:11:38.9,243110,90.0,i,60,22.9050998688,20131011,2529629,0,2016/2/21 02:18:07,807
2013/10/12 03:00:52,0:10:03.36,1:11:38.5,243113,90.0,z,60,22.5593986511,20131011,2082985,0,2016/2/21 02:18:07,807
2013/10/13 02:09:40,0:09:59.13,1:11:03.9,243496,90.0,z,43,22.8717002869,20131012,2679141,0,2016/2/21 02:18:07,807
2013/10/28 01:43:05,0:08:58.06,1:02:35.5,247507,90.0,r,19,23.2760009766,20131027,3809321,0,2016/2/21 02:18:07,807
2013/9/30 03:48:55,0:11:07.83,1:52:53.3,239659,90.0,r,19,22.2151985168,20130929,3146226,0,2016/2/21 02:18:07,807
2013/9/30 03:51:02,0:11:07.83,1:52:53.3,239660,90.0,i,19,21.7370986938,20130929,3228361,0,2016/2/21 02:18:07,807
2013/10/12 02:54:49,0:10:20.49,1:47:45.4,243110,90.0,i,41,21.9423999786,20131011,2506751,0,2016/2/21 02:18:07,807
2013/10/12 03:00:52,0:10:20.47,1:47:45.4,243113,90.0,z,41,21.748500824,20131011,2041979,0,2016/2/21 02:18:07,807
2013/10/13 02:09:40,0:10:16.77,1:47:21.3,243496,90.0,z,17,22.627199173,20131012,2654464,0,2016/2/21 02:18:07,807
2013/10/13 02:46:38,0:10:16.68,1:47:20.3,243514,90.0,i,17,21.7818984985,20131012,3667138,0,2016/2/21 02:18:07,807
2013/10/28 01:26:57,0:09:23.08,1:41:28.5,247499,90.0,r,38,22.4312992096,20131027,3801139,0,2016/2/21 02:18:07,807
2013/9/30 03:33:40,23:57:40.27,0:09:04.5,239652,90.0,i,49,21.9020996094,20130929,3439120,0,2016/2/21 02:18:07,807
2013/10/11 02:55:29,23:56:54.15,0:04:02.8,242745,90.0,z,54,21.3987998962,20131010,1683138,0,2016/2/21 02:18:07,807
2013/10/12 02:50:41,23:56:50.11,0:03:36.1,243108,90.0,i,34,21.7835006714,20131011,2472035,0,2016/2/21 02:18:07,807
2013/10/12 02:52:40,23:56:50.09,0:03:36.2,243109,90.0,z,34,21.7995986938,20131011,2412031,0,2016/2/21 02:18:07,807
2013/10/13 01:45:59,23:56:46.26,0:03:11.0,243485,90.0,z,7,21.8525009155,20131012,3592749,0,2016/2/21 02:18:07,807
2013/9/30 03:35:49,0:11:11.13,2:26:50.4,239653,90.0,r,44,21.1260986328,20130929,3201082,0,2016/2/21 02:18:07,807
2013/9/30 03:37:56,0:11:11.13,2:26:50.4,239654,90.0,i,44,20.7066001892,20130929,3382745,0,2016/2/21 02:18:07,807
2013/10/11 02:53:29,0:10:18.52,2:20:58.3,242744,90.0,z,43,20.4183998108,20131010,2048969,0,2016/2/21 02:18:07,807
2013/10/28 01:26:57,0:09:04.51,2:12:33.5,247499,90.0,r,18,21.311000824,20131027,3785201,0,2016/2/21 02:18:07,807
2013/11/8 03:07:15,0:08:24.22,2:07:51.4,251777,90.0,r,26,21.2649993896,20131107,3818982,0,2016/2/21 02:18:07,807
2013/9/30 03:35:49,0:11:13.59,2:25:13.4,239653,90.0,r,44,20.6577987671,20130929,3201092,0,2016/2/21 02:18:07,807
2013/9/30 03:37:56,0:11:13.58,2:25:13.3,239654,90.0,i,44,20.1310997009,20130929,3382770,0,2016/2/21 02:18:07,807
2013/10/12 02:54:49,0:10:09.73,2:15:08.3,243110,90.0,i,27,20.2897987366,20131011,2487705,0,2016/2/21 02:18:07,807
2013/10/13 02:46:38,0:10:04.61,2:14:18.8,243514,90.0,i,3,20.207698822,20131012,3652762,0,2016/2/21 02:18:07,807
2013/10/28 01:26:57,0:08:52.70,2:02:26.9,247499,90.0,r,24,20.7626991272,20131027,3788610,0,2016/2/21 02:18:07,807
2013/9/30 03:12:19,0:01:08.75,1:59:47.5,239642,90.0,i,15,22.8290996552,20130929,3112812,0,2016/2/21 02:18:07,807
2013/10/13 01:18:43,0:00:05.73,1:53:58.1,243472,90.0,z,52,22.1507987976,20131012,3333059,0,2016/2/21 02:18:07,807
2013/10/13 02:34:31,0:00:05.47,1:53:56.7,243508,90.0,i,52,22.8374996185,20131012,3757978,0,2016/2/21 02:18:07,807
2013/11/8 03:05:12,23:58:20.07,1:44:06.7,251776,90.0,r,47,23.1812000275,20131107,3790909,0,2016/2/21 02:18:07,807
2013/9/30 03:31:33,23:57:41.55,0:24:24.7,239651,90.0,r,43,23.0510997772,20130929,3218622,0,2016/2/21 02:18:07,807
2013/10/11 02:55:29,23:56:51.65,0:18:13.4,242745,90.0,z,43,22.0935993195,20131010,1656897,0,2016/2/21 02:18:07,807
2013/10/12 02:50:41,23:56:47.28,0:17:40.8,243108,90.0,i,20,22.260799408,20131011,2450579,0,2016/2/21 02:18:07,807
2013/10/12 02:52:40,23:56:47.28,0:17:40.8,243109,90.0,z,20,21.9621009827,20131011,2401358,0,2016/2/21 02:18:07,807
2013/10/13 01:45:59,23:56:43.13,0:17:09.8,243485,90.0,z,3,22.3255996704,20131012,3592134,0,2016/2/21 02:18:07,807
2013/10/13 02:05:09,23:56:43.07,0:17:09.0,243494,90.0,i,3,22.2509994507,20131012,2605313,0,2016/2/21 02:18:07,807
2013/10/28 01:22:51,23:55:43.18,0:09:32.4,247497,90.0,r,18,23.1115989685,20131027,3785013,0,2016/2/21 02:18:07,807
2013/9/30 03:48:55,0:12:02.22,0:53:39.6,239659,90.0,r,56,21.5788002014,20130929,3173623,0,2016/2/21 02:18:07,807
2013/9/30 03:51:02,0:12:02.20,0:53:39.6,239660,90.0,i,56,21.0337982178,20130929,3314043,0,2016/2/21 02:18:07,807
2013/10/13 02:09:40,0:11:03.01,0:47:02.5,243496,90.0,z,55,20.6581993103,20131012,2693460,0,2016/2/21 02:18:07,807
2013/10/13 02:17:39,0:11:02.98,0:47:02.3,243500,90.0,z,13,20.7278995514,20131012,2701089,0,2016/2/21 02:18:07,807
2013/10/28 01:43:05,0:10:00.63,0:40:05.0,247507,90.0,r,33,21.6672000885,20131027,3819873,0,2016/2/21 02:18:07,807
2013/11/8 03:59:15,0:09:21.67,0:35:44.5,251801,90.0,i,8,21.238199234,20131107,3789639,0,2016/2/21 02:18:07,807
2013/10/12 02:22:03,23:55:01.24,1:38:38.8,243094,90.0,i,12,22.976398468,20131011,2198998,0,2016/2/21 02:18:07,807
2013/10/12 02:56:49,23:55:01.15,1:38:38.4,243111,90.0,i,45,22.7693996429,20131011,2438640,0,2016/2/21 02:18:07,807
2013/10/13 01:16:43,23:54:58.26,1:38:18.5,243471,90.0,z,21,22.2252006531,20131012,3452940,0,2016/2/21 02:18:07,807
2013/10/13 01:56:29,23:54:58.16,1:38:18.1,243490,90.0,i,21,22.6919994354,20131012,3473503,0,2016/2/21 02:18:07,807
2013/10/28 00:54:07,23:54:15.37,1:33:21.0,247483,90.0,i,42,22.9259986877,20131027,2619290,0,2016/2/21 02:18:07,807
2013/11/8 02:57:04,23:53:49.38,1:30:13.0,251772,90.0,r,17,22.8910999298,20131107,3803239,0,2016/2/21 02:18:07,807
2013/9/30 03:10:13,0:02:43.57,1:06:24.4,239641,90.0,r,54,22.0974006653,20130929,3108000,0,2016/2/21 02:18:07,807
2013/9/30 03:12:19,0:02:43.55,1:06:24.4,239642,90.0,i,54,21.6587982178,20130929,3119877,0,2016/2/21 02:18:07,807
2013/10/11 02:49:18,0:01:57.28,1:01:20.4,242742,90.0,z,53,21.5042991638,20131010,2094508,0,2016/2/21 02:18:07,807
2013/10/13 01:35:10,0:01:49.38,1:00:28.0,243480,90.0,z,10,21.3533000946,20131012,3211882,0,2016/2/21 02:18:07,807
2013/10/13 02:36:31,0:01:49.20,1:00:27.0,243509,90.0,i,10,21.9305000305,20131012,3482739,0,2016/2/21 02:18:07,807
2013/10/28 01:41:02,0:00:53.15,0:54:13.4,247506,90.0,r,29,22.6222991943,20131027,3783503,0,2016/2/21 02:18:07,807
2013/10/28 01:45:05,0:00:53.14,0:54:13.4,247508,90.0,i,29,22.1156997681,20131027,3655755,0,2016/2/21 02:18:07,807
2013/10/13 01:18:43,23:59:30.64,2:57:30.0,243472,90.0,z,8,22.3707008362,20131012,3203865,0,2016/2/21 02:18:07,807
2013/10/13 02:34:31,23:59:30.46,2:57:28.9,243508,90.0,i,8,22.529800415,20131012,3680610,0,2016/2/21 02:18:07,807
2013/10/28 01:30:58,23:58:43.20,2:51:50.0,247501,90.0,r,27,22.929599762,20131027,3778883,0,2016/2/21 02:18:07,807
2013/10/28 01:32:57,23:58:43.18,2:51:49.8,247502,90.0,i,27,22.0859985352,20131027,3821917,0,2016/2/21 02:18:07,807
2013/11/8 03:05:12,23:58:14.33,2:48:11.4,251776,90.0,r,5,22.8010997772,20131107,3775476,0,2016/2/21 02:18:07,807
2013/10/11 02:53:29,0:11:34.65,2:27:10.8,242744,90.0,z,44,22.1686992645,20131010,2053252,0,2016/2/21 02:18:07,807
2013/10/13 02:11:38,0:11:24.53,2:26:07.1,243497,90.0,z,25,22.0108985901,20131012,2646099,0,2016/2/21 02:18:07,807
2013/11/8 03:07:15,0:09:28.84,2:13:46.8,251777,90.0,r,26,23.2824993134,20131107,3823009,0,2016/2/21 02:18:07,807
2013/10/11 02:49:18,23:59:35.53,1:29:05.8,242742,90.0,z,33,21.2323989868,20131010,2056986,0,2016/2/21 02:18:07,807
2013/10/28 01:41:02,23:58:33.52,1:21:50.7,247506,90.0,r,9,22.3321990967,20131027,3777487,0,2016/2/21 02:18:07,807
2013/10/28 01:45:05,23:58:33.51,1:21:50.7,247508,90.0,i,9,21.5326004028,20131027,3649620,0,2016/2/21 02:18:07,807
2013/11/8 03:05:12,23:58:00.84,1:17:52.7,251776,90.0,r,57,22.1156005859,20131107,3798535,0,2016/2/21 02:18:07,807
2013/9/30 03:33:40,23:57:08.19,0:41:55.8,239652,90.0,i,29,20.8797988892,20130929,3376211,0,2016/2/21 02:18:07,807
2013/10/12 02:50:41,23:56:17.06,0:36:21.9,243108,90.0,i,8,21.2445983887,20131011,2432509,0,2016/2/21 02:18:07,807
2013/10/12 02:52:40,23:56:17.06,0:36:21.9,243109,90.0,z,8,20.7249984741,20131011,2392814,0,2016/2/21 02:18:07,807
2013/10/13 01:16:43,23:56:13.24,0:35:56.7,243471,90.0,z,58,20.783000946,20131012,3538589,0,2016/2/21 02:18:07,807
2013/10/13 01:56:29,23:56:13.12,0:35:56.1,243490,90.0,i,58,21.1261997223,20131012,3553086,0,2016/2/21 02:18:07,807
2013/10/28 01:22:51,23:55:16.53,0:29:40.9,247497,90.0,r,7,21.6499996185,20131027,3778649,0,2016/2/21 02:18:07,807
2013/10/12 02:54:49,0:12:54.52,2:52:31.7,243110,90.0,i,7,21.651599884,20131011,2452288,0,2016/2/21 02:18:07,807
2013/10/12 03:00:52,0:12:54.52,2:52:31.8,243113,90.0,z,7,21.2105998993,20131011,1965563,0,2016/2/21 02:18:07,807
2013/10/13 02:11:38,0:12:50.08,2:52:02.5,243497,90.0,z,14,21.3483009338,20131012,2631462,0,2016/2/21 02:18:07,807
2013/10/28 01:34:59,0:11:45.77,2:44:51.0,247503,90.0,r,35,21.9610996246,20131027,3803868,0,2016/2/21 02:18:07,807
2013/11/8 03:07:15,0:11:05.58,2:40:14.3,251777,90.0,r,10,21.912399292,20131107,3810218,0,2016/2/21 02:18:07,807
2013/9/30 03:51:02,0:16:01.85,0:50:31.5,239660,90.0,i,59,22.0755004883,20130929,3319980,0,2016/2/21 02:18:07,807
2013/10/13 02:17:39,0:15:13.91,0:45:29.4,243500,90.0,z,16,21.6608009338,20131012,2702983,0,2016/2/21 02:18:07,807
2013/10/13 02:38:33,0:15:13.88,0:45:29.0,243510,90.0,i,16,22.2052993774,20131012,3575879,0,2016/2/21 02:18:07,807
2013/11/8 03:57:16,0:13:50.86,0:36:57.4,251800,90.0,r,12,22.6543006897,20131107,3827804,0,2016/2/21 02:18:07,807
2013/9/30 03:31:33,23:57:40.92,0:05:19.1,239651,90.0,r,55,22.5265007019,20130929,3243081,0,2016/2/21 02:18:07,807
2013/9/30 03:33:40,23:57:40.93,0:05:19.1,239652,90.0,i,55,22.1984996796,20130929,3454758,0,2016/2/21 02:18:07,807
2013/10/12 02:50:41,23:56:50.66,-0:00:19.8,243108,90.0,i,34,21.9365997314,20131011,2472036,0,2016/2/21 02:18:07,807
2013/10/12 02:52:40,23:56:50.65,-0:00:19.8,243109,90.0,z,34,21.9500999451,20131011,2412032,0,2016/2/21 02:18:07,807
2013/10/13 01:45:59,23:56:46.80,-0:00:45.7,243485,90.0,z,11,21.4162998199,20131012,3595675,0,2016/2/21 02:18:07,807
2013/10/13 02:05:09,23:56:46.75,-0:00:46.2,243494,90.0,i,11,22.2625007629,20131012,2608096,0,2016/2/21 02:18:07,807
2013/10/28 01:22:51,23:55:51.28,-0:07:03.3,247497,90.0,r,30,22.7593002319,20131027,3797405,0,2016/2/21 02:18:07,807
2013/10/12 02:50:41,23:58:48.58,0:36:46.7,243108,90.0,i,10,22.0443992615,20131011,2435692,0,2016/2/21 02:18:07,807
2013/10/12 02:52:40,23:58:48.56,0:36:46.6,243109,90.0,z,10,21.5970993042,20131011,2396813,0,2016/2/21 02:18:07,807
2013/10/13 01:35:10,23:58:45.33,0:36:25.2,243480,90.0,z,19,21.5072994232,20131012,3247272,0,2016/2/21 02:18:07,807
2013/10/13 02:36:31,23:58:45.19,0:36:24.1,243509,90.0,i,19,22.1647987366,20131012,3507100,0,2016/2/21 02:18:07,807
2013/10/28 01:41:02,23:57:57.78,0:31:08.2,247506,90.0,r,40,22.1806983948,20131027,3786150,0,2016/2/21 02:18:07,807
2013/10/28 01:45:05,23:57:57.79,0:31:08.3,247508,90.0,i,40,21.8573989868,20131027,3659931,0,2016/2/21 02:18:07,807
2013/10/12 02:56:49,23:55:57.11,2:12:34.8,243111,90.0,i,26,22.6944999695,20131011,2411015,0,2016/2/21 02:18:07,807
2013/10/13 01:16:43,23:55:52.48,2:12:11.9,243471,90.0,z,6,21.8476982117,20131012,3418219,0,2016/2/21 02:18:07,807
2013/10/13 01:56:29,23:55:52.34,2:12:11.3,243490,90.0,i,6,22.6507987976,20131012,3429710,0,2016/2/21 02:18:07,807
2013/10/28 00:50:05,23:54:43.44,2:06:30.5,247481,90.0,r,23,23.1613998413,20131027,2614233,0,2016/2/21 02:18:07,807
2013/11/8 02:57:04,23:54:01.17,2:03:05.2,251772,90.0,r,3,22.9290008545,20131107,3792011,0,2016/2/21 02:18:07,807
2013/9/30 03:31:33,23:56:21.59,0:02:05.3,239651,90.0,r,54,21.6998996735,20130929,3238761,0,2016/2/21 02:18:07,807
2013/9/30 03:33:40,23:56:21.59,0:02:05.0,239652,90.0,i,54,21.1955986023,20130929,3451928,0,2016/2/21 02:18:07,807
2013/10/12 02:50:41,23:55:26.63,-0:04:01.6,243108,90.0,i,32,21.2723999023,20131011,2465983,0,2016/2/21 02:18:07,807
2013/10/12 02:52:40,23:55:26.61,-0:04:01.6,243109,90.0,z,32,20.996099472,20131011,2409160,0,2016/2/21 02:18:07,807
2013/10/13 01:45:59,23:55:22.42,-0:04:29.8,243485,90.0,z,10,20.8148994446,20131012,3593904,0,2016/2/21 02:18:07,807
2013/10/13 02:05:09,23:55:22.37,-0:04:30.2,243494,90.0,i,10,21.1851005554,20131012,2606880,0,2016/2/21 02:18:07,807
2013/10/28 01:22:51,23:54:21.86,-0:11:17.6,247497,90.0,r,29,21.7033004761,20131027,3794566,0,2016/2/21 02:18:07,807
2013/11/8 03:13:45,23:53:45.56,-0:15:25.1,251780,90.0,r,7,21.7486000061,20131107,3791616,0,2016/2/21 02:18:07,807
2013/10/4 05:25:03,0:05:06.29,-4:10:11.4,241142,90.0,r,8,22.1222991943,20131003,1520141,0,2016/2/21 02:18:07,807
2013/10/4 05:27:04,0:05:06.29,-4:10:11.3,241143,90.0,i,8,21.6243000031,20131003,1609769,0,2016/2/21 02:18:07,807
2013/10/13 03:02:39,0:04:24.05,-4:14:26.3,243521,90.0,i,55,21.5893993378,20131012,3633970,0,2016/2/21 02:18:07,807
2013/10/13 03:04:41,0:04:24.03,-4:14:26.3,243522,90.0,z,55,21.2081985474,20131012,3709486,0,2016/2/21 02:18:07,807
2013/10/13 03:15:20,0:04:24.01,-4:14:26.5,243527,90.0,z,13,21.2644004822,20131012,3678324,0,2016/2/21 02:18:07,807
2013/11/8 03:44:39,0:02:40.39,-4:23:46.9,251794,90.0,i,8,21.7971000671,20131107,3795544,0,2016/2/21 02:18:07,807
2013/9/30 03:33:40,23:57:00.40,0:01:42.9,239652,90.0,i,54,20.5806007385,20130929,3453045,0,2016/2/21 02:18:07,807
2013/10/28 01:22:51,23:55:08.79,-0:16:29.9,247497,90.0,r,37,20.9696006775,20131027,3804174,0,2016/2/21 02:18:07,807
2013/11/8 03:13:45,23:54:34.39,-0:22:38.7,251780,90.0,r,12,21.2659988403,20131107,3795597,0,2016/2/21 02:18:07,807
2013/9/30 03:08:02,23:52:16.97,2:03:56.0,239640,90.0,r,18,21.9390983582,20130929,3281014,0,2016/2/21 02:18:07,807
2013/10/12 02:22:03,23:51:22.91,1:59:53.1,243094,90.0,i,1,19.2250995636,20131011,2177935,0,2016/2/21 02:18:07,807
2013/10/28 00:50:05,23:50:17.12,1:54:57.1,247481,90.0,r,26,18.2051010132,20131027,2616877,0,2016/2/21 02:18:07,807
2013/9/30 03:51:02,0:16:27.93,1:43:53.9,239660,90.0,i,30,22.5913009644,20130929,3260541,0,2016/2/21 02:18:07,807
2013/10/13 02:11:38,0:15:37.00,1:38:23.9,243497,90.0,z,58,22.3303985596,20131012,2681562,0,2016/2/21 02:18:07,807
2013/10/28 01:43:05,0:14:42.91,1:32:33.6,247507,90.0,r,7,23.2305984497,20131027,3800813,0,2016/2/21 02:18:07,807
2013/9/30 03:10:13,0:05:01.20,1:35:54.6,239641,90.0,r,38,21.5042991638,20130929,3104895,0,2016/2/21 02:18:07,807
2013/9/30 03:12:19,0:05:01.20,1:35:54.6,239642,90.0,i,38,21.061000824,20130929,3116660,0,2016/2/21 02:18:07,807
2013/10/11 02:49:18,0:03:58.90,1:32:04.0,242742,90.0,z,37,20.7178993225,20131010,2063988,0,2016/2/21 02:18:07,807
2013/10/28 01:26:57,0:02:31.21,1:26:54.1,247499,90.0,r,45,21.6581993103,20131027,3805906,0,2016/2/21 02:18:07,807
2013/10/28 01:41:02,0:02:31.16,1:26:53.9,247506,90.0,r,12,21.6143989563,20131027,3777978,0,2016/2/21 02:18:07,807
2013/10/28 01:45:05,0:02:31.15,1:26:54.0,247508,90.0,i,12,21.262298584,20131027,3649963,0,2016/2/21 02:18:07,807
2013/10/12 02:56:49,23:59:05.43,2:27:12.5,243111,90.0,i,16,22.6068000793,20131011,2404489,0,2016/2/21 02:18:07,807
2013/10/12 02:58:49,23:59:05.43,2:27:12.5,243112,90.0,z,16,22.0377998352,20131011,2473062,0,2016/2/21 02:18:07,807
2013/10/13 02:34:31,23:59:02.19,2:26:51.3,243508,90.0,i,26,22.4668006897,20131012,3720131,0,2016/2/21 02:18:07,807
2013/11/8 03:05:12,23:57:48.33,2:18:37.6,251776,90.0,r,21,23.5734996796,20131107,3780397,0,2016/2/21 02:18:07,807
2013/9/30 03:31:33,23:54:33.37,0:00:42.7,239651,90.0,r,52,21.306098938,20130929,3238082,0,2016/2/21 02:18:07,807
2013/9/30 03:33:40,23:54:33.37,0:00:42.7,239652,90.0,i,52,20.8662986755,20130929,3447801,0,2016/2/21 02:18:07,807
2013/10/11 02:55:29,23:53:37.14,-0:03:21.3,242745,90.0,z,56,20.5405006409,20131010,1691561,0,2016/2/21 02:18:07,807
2013/10/13 01:45:59,23:53:27.52,-0:04:02.6,243485,90.0,z,8,20.5846996307,20131012,3594692,0,2016/2/21 02:18:07,807
2013/10/13 02:05:09,23:53:27.45,-0:04:02.8,243494,90.0,i,8,20.9757003784,20131012,2606705,0,2016/2/21 02:18:07,807
2013/10/28 01:22:51,23:52:19.35,-0:08:44.3,247497,90.0,r,27,21.4063987732,20131027,3793034,0,2016/2/21 02:18:07,807
2013/11/8 03:13:45,23:51:37.54,-0:11:20.0,251780,90.0,r,5,21.4997997284,20131107,3791275,0,2016/2/21 02:18:07,807
2013/9/30 03:10:13,0:05:15.54,1:32:23.6,239641,90.0,r,38,22.1628990173,20130929,3104908,0,2016/2/21 02:18:07,807
2013/9/30 03:12:19,0:05:15.54,1:32:23.6,239642,90.0,i,38,21.5748996735,20130929,3116673,0,2016/2/21 02:18:07,807
2013/10/11 02:49:18,0:04:18.46,1:26:09.6,242742,90.0,z,44,21.3364982605,20131010,2079068,0,2016/2/21 02:18:07,807
2013/10/28 01:26:57,0:02:59.23,1:17:22.8,247499,90.0,r,51,22.0443000793,20131027,3810586,0,2016/2/21 02:18:07,807
2013/9/30 03:31:33,23:56:16.05,0:03:52.7,239651,90.0,r,54,22.1156997681,20130929,3238742,0,2016/2/21 02:18:07,807
2013/9/30 03:33:40,23:56:16.04,0:03:52.8,239652,90.0,i,54,22.5299987793,20130929,3451910,0,2016/2/21 02:18:07,807
2013/10/12 02:50:41,23:55:19.74,-0:00:49.7,243108,90.0,i,32,22.539100647,20131011,2465988,0,2016/2/21 02:18:07,807
2013/10/12 02:52:40,23:55:19.73,-0:00:49.8,243109,90.0,z,32,22.1972007751,20131011,2409154,0,2016/2/21 02:18:07,807
2013/10/13 01:45:59,23:55:15.43,-0:01:11.4,243485,90.0,z,10,22.2233009338,20131012,3593892,0,2016/2/21 02:18:07,807
2013/10/13 02:05:09,23:55:15.37,-0:01:11.7,243494,90.0,i,10,22.4832000732,20131012,2606860,0,2016/2/21 02:18:07,807
2013/10/28 01:22:51,23:54:13.05,-0:06:15.9,247497,90.0,r,29,21.9786987305,20131027,3794533,0,2016/2/21 02:18:07,807
2013/11/8 03:13:45,23:53:35.21,-0:09:09.1,251780,90.0,r,7,22.5344009399,20131107,3791608,0,2016/2/21 02:18:07,807
2013/9/30 03:33:40,23:57:06.91,0:03:02.4,239652,90.0,i,54,22.3428001404,20130929,3453070,0,2016/2/21 02:18:07,807
2013/10/12 02:50:41,23:56:29.68,-0:01:00.7,243108,90.0,i,33,22.8722991943,20131011,2470602,0,2016/2/21 02:18:07,807
2013/10/12 02:52:40,23:56:29.69,-0:01:01.1,243109,90.0,z,33,22.5225982666,20131011,2410291,0,2016/2/21 02:18:07,807
2013/10/13 01:45:59,23:56:26.83,-0:01:19.6,243485,90.0,z,11,22.4016990662,20131012,3595656,0,2016/2/21 02:18:07,807
2013/10/28 01:22:51,23:55:45.38,-0:05:52.2,247497,90.0,r,30,23.4152984619,20131027,3797400,0,2016/2/21 02:18:07,807
2013/9/30 03:51:02,0:10:52.17,1:37:07.2,239660,90.0,i,32,22.4174995422,20130929,3263423,0,2016/2/21 02:18:07,807
2013/10/12 02:54:49,0:10:05.55,1:31:54.7,243110,90.0,i,52,22.7418994904,20131011,2520798,0,2016/2/21 02:18:07,807
2013/10/12 03:00:52,0:10:05.53,1:31:54.8,243113,90.0,z,52,22.7631988525,20131011,2062179,0,2016/2/21 02:18:07,807
2013/10/13 02:09:40,0:10:01.89,1:31:30.2,243496,90.0,z,29,22.2844009399,20131012,2664898,0,2016/2/21 02:18:07,807
2013/10/13 02:46:38,0:10:01.78,1:31:29.5,243514,90.0,i,29,22.3689994812,20131012,3681295,0,2016/2/21 02:18:07,807
2013/10/28 01:26:57,0:09:09.02,1:25:33.0,247499,90.0,r,50,23.4675998688,20131027,3810328,0,2016/2/21 02:18:07,807
2013/10/12 02:56:49,23:59:15.55,2:31:01.1,243111,90.0,i,16,21.9237995148,20131011,2404504,0,2016/2/21 02:18:07,807
2013/10/12 02:58:49,23:59:15.54,2:31:01.0,243112,90.0,z,16,21.515499115,20131011,2473161,0,2016/2/21 02:18:07,807
2013/10/13 01:18:43,23:59:12.24,2:30:34.2,243472,90.0,z,26,21.5704994202,20131012,3245487,0,2016/2/21 02:18:07,807
2013/10/13 02:34:31,23:59:12.06,2:30:32.7,243508,90.0,i,26,22.0985984802,20131012,3720205,0,2016/2/21 02:18:07,807
2013/10/28 01:30:58,23:58:23.10,2:23:41.8,247501,90.0,r,47,22.4141998291,20131027,3790419,0,2016/2/21 02:18:07,807
2013/11/8 03:05:12,23:57:53.28,2:19:13.1,251776,90.0,r,21,22.5004997253,20131107,3780402,0,2016/2/21 02:18:07,807
2013/9/30 03:33:40,23:57:17.59,0:59:16.5,239652,90.0,i,17,22.4783992767,20130929,3322735,0,2016/2/21 02:18:07,807
2013/10/11 02:55:29,23:56:35.47,0:55:48.5,242745,90.0,z,23,22.1898002625,20131010,1598908,0,2016/2/21 02:18:07,807
2013/10/13 01:16:43,23:56:28.32,0:55:13.2,243471,90.0,z,48,22.0536003113,20131012,3525316,0,2016/2/21 02:18:07,807
2013/10/13 01:56:29,23:56:28.19,0:55:12.8,243490,90.0,i,48,22.8027992249,20131012,3537383,0,2016/2/21 02:18:07,807
2013/10/28 01:41:02,23:55:36.79,0:51:02.5,247506,90.0,r,25,23.5988006592,20131027,3784036,0,2016/2/21 02:18:07,807
2013/11/8 02:57:04,23:55:05.07,0:48:34.5,251772,90.0,r,44,23.4300003052,20131107,3829622,0,2016/2/21 02:18:07,807
2013/9/30 03:10:13,0:03:18.78,1:48:24.6,239641,90.0,r,23,21.1608009338,20130929,3102918,0,2016/2/21 02:18:07,807
2013/9/30 03:12:19,0:03:18.78,1:48:24.6,239642,90.0,i,23,20.7429008484,20130929,3115162,0,2016/2/21 02:18:07,807
2013/10/13 01:18:43,0:02:05.53,1:36:04.5,243472,90.0,z,58,20.4986991882,20131012,3350985,0,2016/2/21 02:18:07,807
2013/10/13 02:34:31,0:02:05.24,1:36:01.6,243508,90.0,i,58,20.8262996674,20131012,3763850,0,2016/2/21 02:18:07,807
2013/10/28 01:41:02,0:00:49.61,1:22:36.3,247506,90.0,r,11,21.3357009888,20131027,3774803,0,2016/2/21 02:18:07,807
2013/10/28 01:45:05,0:00:49.60,1:22:36.4,247508,90.0,i,11,20.8749008179,20131027,3649792,0,2016/2/21 02:18:07,807
2013/9/30 03:33:40,23:56:16.07,0:58:32.0,239652,90.0,i,16,22.9472007751,20130929,3321375,0,2016/2/21 02:18:07,807
2013/10/11 02:55:29,23:55:22.78,0:52:31.8,242745,90.0,z,22,22.3540000916,20131010,1596235,0,2016/2/21 02:18:07,807
2013/10/12 02:22:03,23:55:18.21,0:52:00.8,243094,90.0,i,44,22.9426002502,20131011,2265732,0,2016/2/21 02:18:07,807
2013/10/13 01:56:29,23:55:13.66,0:51:29.8,243490,90.0,i,53,22.8780994415,20131012,3544464,0,2016/2/21 02:18:07,807
2013/10/28 01:22:51,23:54:09.79,0:44:07.1,247497,90.0,r,3,23.3676986694,20131027,3776670,0,2016/2/21 02:18:07,807
2013/9/30 03:31:33,23:56:10.34,-0:04:40.5,239651,90.0,r,58,22.5579986572,20130929,3247758,0,2016/2/21 02:18:07,807
2013/9/30 03:33:40,23:56:10.33,-0:04:40.5,239652,90.0,i,58,22.067899704,20130929,3464525,0,2016/2/21 02:18:07,807
2013/10/12 02:50:41,23:55:13.04,-0:13:22.5,243108,90.0,i,39,22.0967998505,20131011,2480295,0,2016/2/21 02:18:07,807
2013/10/12 02:52:40,23:55:13.04,-0:13:22.8,243109,90.0,z,39,21.7325000763,20131011,2418519,0,2016/2/21 02:18:07,807
2013/10/13 01:45:59,23:55:08.67,-0:14:03.1,243485,90.0,z,15,21.517999649,20131012,3598621,0,2016/2/21 02:18:07,807
2013/10/13 02:05:09,23:55:08.60,-0:14:03.7,243494,90.0,i,15,22.0112991333,20131012,2609053,0,2016/2/21 02:18:07,807
2013/10/28 01:22:51,23:54:05.40,-0:24:02.5,247497,90.0,r,42,22.8143005371,20131027,3809609,0,2016/2/21 02:18:07,807
2013/10/12 02:22:03,23:53:29.07,1:37:47.9,243094,90.0,i,11,22.34349823,20131011,2197439,0,2016/2/21 02:18:07,807
2013/10/13 01:16:43,23:53:25.70,1:37:31.5,243471,90.0,z,20,21.4596996307,20131012,3451188,0,2016/2/21 02:18:07,807
2013/10/13 01:56:29,23:53:25.60,1:37:30.9,243490,90.0,i,20,22.8069992065,20131012,3470706,0,2016/2/21 02:18:07,807
2013/10/28 00:50:05,23:52:36.71,1:33:33.5,247481,90.0,r,41,22.8042984009,20131027,2631851,0,2016/2/21 02:18:07,807
2013/10/28 00:54:07,23:52:36.71,1:33:33.4,247483,90.0,i,41,22.424200058,20131027,2618259,0,2016/2/21 02:18:07,807
2013/11/8 02:57:04,23:52:06.40,1:31:10.5,251772,90.0,r,15,23.2122001648,20131107,3800805,0,2016/2/21 02:18:07,807
2013/9/30 03:53:07,0:11:34.77,0:55:51.8,239661,90.0,r,24,21.063999176,20130929,932194,0,2016/2/21 02:18:07,807
2013/10/13 02:09:40,0:10:30.86,0:48:58.4,243496,90.0,z,55,20.2468986511,20131012,2693295,0,2016/2/21 02:18:07,807
2013/10/13 02:46:38,0:10:30.73,0:48:57.8,243514,90.0,i,55,20.6212997437,20131012,3716832,0,2016/2/21 02:18:07,807
2013/10/28 01:43:05,0:09:23.68,0:41:46.3,247507,90.0,r,33,21.1756000519,20131027,3819841,0,2016/2/21 02:18:07,807
2013/9/11 06:55:18,0:07:04.01,-4:15:19.9,232834,90.0,r,7,22.4503993988,20130910,727550,0,2016/2/21 02:18:07,807
2013/10/4 05:27:04,0:05:08.48,-4:30:48.0,241143,90.0,i,19,22.2087993622,20131003,1634487,0,2016/2/21 02:18:07,807
2013/10/13 03:15:20,0:04:24.94,-4:36:17.5,243527,90.0,z,25,22.1674003601,20131012,3700659,0,2016/2/21 02:18:07,807
2013/9/30 03:31:33,23:53:45.40,1:30:13.3,239651,90.0,r,1,22.873500824,20130929,3120120,0,2016/2/21 02:18:07,807
2013/9/30 03:33:40,23:53:45.40,1:30:13.3,239652,90.0,i,1,22.5027008057,20130929,3261474,0,2016/2/21 02:18:07,807
2013/10/28 00:50:05,23:52:22.05,1:20:11.0,247481,90.0,r,47,22.920999527,20131027,2635968,0,2016/2/21 02:18:07,807
2013/11/8 02:57:04,23:51:56.37,1:16:52.8,251772,90.0,r,21,23.2943992615,20131107,3802804,0,2016/2/21 02:18:07,807
2013/9/30 03:53:07,0:09:27.82,-0:17:08.0,239661,90.0,r,62,22.3676986694,20130929,1001672,0,2016/2/21 02:18:07,807
2013/10/13 02:19:40,0:08:24.32,-0:22:25.9,243501,90.0,z,22,21.9521999359,20131012,3520450,0,2016/2/21 02:18:07,807
2013/10/13 02:44:40,0:08:24.23,-0:22:26.3,243513,90.0,i,22,21.8614006042,20131012,3628181,0,2016/2/21 02:18:07,807
2013/11/8 03:21:51,0:06:36.74,-0:30:37.8,251784,90.0,r,17,22.4095993042,20131107,3799867,0,2016/2/21 02:18:07,807
2013/9/30 03:31:33,23:54:36.70,0:04:25.7,239651,90.0,r,52,23.0149993896,20130929,3238092,0,2016/2/21 02:18:07,807
2013/9/30 03:33:40,23:54:36.70,0:04:25.7,239652,90.0,i,52,22.2240982056,20130929,3447751,0,2016/2/21 02:18:07,807
2013/10/13 01:45:59,23:53:52.50,-0:01:00.0,243485,90.0,z,9,21.5024986267,20131012,3593571,0,2016/2/21 02:18:07,807
2013/10/13 02:05:09,23:53:52.46,-0:01:00.4,243494,90.0,i,9,21.96159935,20131012,2607179,0,2016/2/21 02:18:07,807
2013/10/28 01:22:51,23:53:07.24,-0:06:41.2,247497,90.0,r,28,22.4165000916,20131027,3794229,0,2016/2/21 02:18:07,807
2013/11/8 03:13:45,23:52:40.06,-0:10:13.9,251780,90.0,r,6,22.1844997406,20131107,3792538,0,2016/2/21 02:18:07,807
2013/9/30 03:33:40,23:55:35.57,0:43:28.5,239652,90.0,i,28,23.1362991333,20130929,3371214,0,2016/2/21 02:18:07,807
2013/10/11 02:55:29,23:54:47.56,0:38:21.1,242745,90.0,z,28,22.4305992126,20131010,1614610,0,2016/2/21 02:18:07,807
2013/10/28 01:22:51,23:53:41.61,0:31:12.2,247497,90.0,r,6,23.3479995728,20131027,3779099,0,2016/2/21 02:18:07,807
2013/10/4 05:25:03,0:06:30.79,-4:08:55.0,241142,90.0,r,9,22.4539985657,20131003,1522100,0,2016/2/21 02:18:07,807
2013/10/4 05:27:04,0:06:30.79,-4:08:55.0,241143,90.0,i,9,22.2024002075,20131003,1613563,0,2016/2/21 02:18:07,807
2013/10/13 03:15:20,0:05:52.07,-4:12:58.7,243527,90.0,z,14,21.7534999847,20131012,3680092,0,2016/2/21 02:18:07,807
2013/11/8 03:44:39,0:04:16.65,-4:22:03.0,251794,90.0,i,10,22.2423000336,20131107,3799257,0,2016/2/21 02:18:07,807
2013/9/30 03:31:33,23:55:42.74,1:01:32.8,239651,90.0,r,16,22.2053985596,20130929,3147997,0,2016/2/21 02:18:07,807
2013/9/30 03:33:40,23:55:42.74,1:01:32.7,239652,90.0,i,16,21.8521003723,20130929,3321225,0,2016/2/21 02:18:07,807
2013/10/11 02:55:29,23:54:49.79,0:53:27.6,242745,90.0,z,21,21.6492004395,20131010,1593060,0,2016/2/21 02:18:07,807
2013/10/13 01:16:43,23:54:40.85,0:52:04.1,243471,90.0,z,52,21.7462997437,20131012,3531454,0,2016/2/21 02:18:07,807
2013/10/13 01:56:29,23:54:40.73,0:52:03.0,243490,90.0,i,52,22.0290985107,20131012,3542774,0,2016/2/21 02:18:07,807
2013/9/30 03:10:13,0:01:39.61,2:09:50.2,239641,90.0,r,10,21.2208995819,20130929,3101097,0,2016/2/21 02:18:07,807
2013/9/30 03:12:19,0:01:39.60,2:09:50.2,239642,90.0,i,10,20.7446994781,20130929,3111615,0,2016/2/21 02:18:07,807
2013/10/11 02:49:18,0:00:48.47,2:04:11.7,242742,90.0,z,15,20.409198761,20131010,2020291,0,2016/2/21 02:18:07,807
2013/10/12 02:56:49,0:00:43.95,2:03:41.4,243111,90.0,i,37,20.8045005798,20131011,2421797,0,2016/2/21 02:18:07,807
2013/10/12 02:58:49,0:00:43.94,2:03:41.4,243112,90.0,z,37,20.404499054,20131011,2498388,0,2016/2/21 02:18:07,807
2013/10/13 01:18:43,0:00:39.78,2:03:13.3,243472,90.0,z,47,20.4234008789,20131012,3315004,0,2016/2/21 02:18:07,807
2013/10/13 02:34:31,0:00:39.55,2:03:11.9,243508,90.0,i,47,20.7831993103,20131012,3751207,0,2016/2/21 02:18:07,807
2013/11/8 03:05:12,23:59:00.05,1:51:43.2,251776,90.0,r,42,21.3610992432,20131107,3788489,0,2016/2/21 02:18:07,807
2013/9/30 03:33:40,23:55:42.12,-0:08:41.3,239652,90.0,i,58,22.579498291,20130929,3464476,0,2016/2/21 02:18:07,807
2013/10/13 02:05:09,23:54:55.46,-0:13:47.3,243494,90.0,i,15,22.6473999023,20131012,2609037,0,2016/2/21 02:18:07,807
2013/11/8 03:13:45,23:53:38.66,-0:22:14.8,251780,90.0,r,11,22.7796993256,20131107,3795170,0,2016/2/21 02:18:07,807
2013/9/30 03:08:02,23:51:18.76,1:13:42.6,239640,90.0,r,49,22.9146995544,20130929,3387076,0,2016/2/21 02:18:07,807
2013/9/30 03:14:27,23:51:18.75,1:13:42.3,239643,90.0,i,49,22.474899292,20130929,3242215,0,2016/2/21 02:18:07,807
2013/10/12 02:22:03,23:50:31.71,1:08:19.6,243094,90.0,i,27,22.6954994202,20131011,2237397,0,2016/2/21 02:18:07,807
2013/10/13 01:54:28,23:50:28.02,1:07:54.2,243489,90.0,i,7,22.6809005737,20131012,3562312,0,2016/2/21 02:18:07,807
2013/10/28 01:00:14,23:49:36.44,1:01:47.6,247486,90.0,r,24,23.238899231,20131027,3757302,0,2016/2/21 02:18:07,807
2013/10/28 01:02:14,23:49:36.44,1:01:47.6,247487,90.0,i,24,22.6583995819,20131027,3701412,0,2016/2/21 02:18:07,807
2013/9/30 03:10:13,0:02:08.75,1:39:28.5,239641,90.0,r,28,21.533000946,20130929,3104529,0,2016/2/21 02:18:07,807
2013/9/30 03:12:19,0:02:08.75,1:39:28.5,239642,90.0,i,28,21.0942993164,20130929,3114881,0,2016/2/21 02:18:07,807
2013/10/11 02:49:18,0:01:10.56,1:33:03.8,242742,90.0,z,35,20.7539997101,20131010,2061254,0,2016/2/21 02:18:07,807
2013/10/12 02:58:49,0:01:05.41,1:32:29.3,243112,90.0,z,55,20.7566986084,20131011,2519517,0,2016/2/21 02:18:07,807
2013/10/13 01:18:43,0:01:00.68,1:31:57.8,243472,90.0,z,60,20.7756996155,20131012,3356655,0,2016/2/21 02:18:07,807
2013/10/13 02:34:31,0:01:00.41,1:31:56.1,243508,90.0,i,60,21.1187992096,20131012,3767335,0,2016/2/21 02:18:07,807
2013/10/12 02:54:49,0:11:04.70,1:31:15.6,243110,90.0,i,53,21.4324989319,20131011,2521424,0,2016/2/21 02:18:07,807
2013/10/12 03:00:52,0:11:04.68,1:31:15.4,243113,90.0,z,53,20.9351005554,20131011,2063735,0,2016/2/21 02:18:07,807
2013/10/13 02:09:40,0:11:00.27,1:30:46.8,243496,90.0,z,30,21.0164985657,20131012,2665810,0,2016/2/21 02:18:07,807
2013/10/13 02:46:38,0:11:00.14,1:30:46.0,243514,90.0,i,30,21.3709983826,20131012,3683026,0,2016/2/21 02:18:07,807
2013/10/28 01:43:05,0:09:56.28,1:23:49.2,247507,90.0,r,8,21.6807994843,20131027,3801674,0,2016/2/21 02:18:07,807
2013/9/30 03:35:49,0:06:55.60,2:41:38.2,239653,90.0,r,27,21.9026985168,20130929,3166654,0,2016/2/21 02:18:07,807
2013/9/30 03:37:56,0:06:55.60,2:41:38.0,239654,90.0,i,27,21.6133995056,20130929,3328238,0,2016/2/21 02:18:07,807
2013/10/11 02:53:29,0:05:59.25,2:35:39.9,242744,90.0,z,33,21.1357002258,20131010,2028481,0,2016/2/21 02:18:07,807
2013/10/28 01:26:57,0:04:40.63,2:27:07.3,247499,90.0,r,9,22.2374000549,20131027,3774990,0,2016/2/21 02:18:07,807
2013/10/28 01:28:58,0:04:40.63,2:27:07.4,247500,90.0,i,9,21.7635993958,20131027,3829345,0,2016/2/21 02:18:07,807
2013/9/30 03:51:02,0:13:47.87,2:28:06.5,239660,90.0,i,1,22.3593997955,20130929,3179629,0,2016/2/21 02:18:07,807
2013/10/12 02:54:49,0:13:06.71,2:23:45.3,243110,90.0,i,23,23.4470996857,20131011,2478030,0,2016/2/21 02:18:07,807
2013/10/12 03:00:52,0:13:06.69,2:23:45.0,243113,90.0,z,23,22.257900238,20131011,2003867,0,2016/2/21 02:18:07,807
2013/10/13 02:11:38,0:13:03.47,2:23:24.4,243497,90.0,z,34,22.2662010193,20131012,2653734,0,2016/2/21 02:18:07,807
2013/10/28 01:34:59,0:12:16.33,2:18:21.5,247503,90.0,r,53,22.7723999023,20131027,3828662,0,2016/2/21 02:18:07,807
2013/11/8 03:07:15,0:11:46.57,2:15:08.4,251777,90.0,r,28,22.9306983948,20131107,3824201,0,2016/2/21 02:18:07,807
2013/9/30 03:53:07,0:09:00.02,1:13:05.8,239661,90.0,r,11,22.2555999756,20130929,909552,0,2016/2/21 02:18:07,807
2013/10/13 02:09:40,0:08:10.13,1:07:38.3,243496,90.0,z,41,21.4750995636,20131012,2678336,0,2016/2/21 02:18:07,807
2013/10/13 02:46:38,0:08:10.03,1:07:37.6,243514,90.0,i,41,21.6903991699,20131012,3699514,0,2016/2/21 02:18:07,807
2013/10/28 01:26:57,0:07:17.69,1:01:52.6,247499,90.0,r,59,22.3765983582,20131027,3818157,0,2016/2/21 02:18:07,807
2013/9/30 03:37:56,0:11:19.84,2:36:45.1,239654,90.0,i,38,21.617099762,20130929,3360580,0,2016/2/21 02:18:07,807
2013/10/12 02:54:49,0:10:00.14,2:25:26.6,243110,90.0,i,20,22.8793983459,20131011,2474227,0,2016/2/21 02:18:07,807
2013/11/8 03:07:15,0:07:22.82,2:02:03.0,251777,90.0,r,32,21.7197990417,20131107,3825964,0,2016/2/21 02:18:07,807
2013/9/30 03:31:33,23:56:44.94,-0:03:18.5,239651,90.0,r,59,21.8970985413,20130929,3251886,0,2016/2/21 02:18:07,807
2013/9/30 03:33:40,23:56:44.94,-0:03:18.5,239652,90.0,i,59,21.2800998688,20130929,3466430,0,2016/2/21 02:18:07,807
2013/10/12 02:50:41,23:55:50.66,-0:08:52.8,243108,90.0,i,39,21.3281993866,20131011,2480372,0,2016/2/21 02:18:07,807
2013/10/12 02:52:40,23:55:50.65,-0:08:53.0,243109,90.0,z,39,21.0214996338,20131011,2418673,0,2016/2/21 02:18:07,807
2013/10/13 01:45:59,23:55:46.51,-0:09:18.6,243485,90.0,z,16,20.9412994385,20131012,3598759,0,2016/2/21 02:18:07,807
2013/10/13 02:05:09,23:55:46.44,-0:09:18.8,243494,90.0,i,16,21.3763999939,20131012,2610032,0,2016/2/21 02:18:07,807
2013/10/28 01:22:51,23:54:46.45,-0:15:27.6,247497,90.0,r,36,21.6798000336,20131027,3801912,0,2016/2/21 02:18:07,807
2013/11/8 03:13:45,23:54:10.20,-0:19:08.5,251780,90.0,r,12,21.9813995361,20131107,3795574,0,2016/2/21 02:18:07,807
2013/9/30 03:31:33,23:52:28.65,1:05:21.2,239651,90.0,r,13,22.1723995209,20130929,3142225,0,2016/2/21 02:18:07,807
2013/9/30 03:33:40,23:52:28.65,1:05:21.3,239652,90.0,i,13,21.8111991882,20130929,3307765,0,2016/2/21 02:18:07,807
2013/10/11 02:51:19,23:51:39.60,1:00:02.1,242743,90.0,z,55,21.4780006409,20131010,1949277,0,2016/2/21 02:18:07,807
2013/10/13 01:33:07,23:51:31.27,0:59:07.1,243479,90.0,z,12,21.4895992279,20131012,3485619,0,2016/2/21 02:18:07,807
2013/10/13 01:54:28,23:51:31.21,0:59:06.7,243489,90.0,i,12,21.8547000885,20131012,3568200,0,2016/2/21 02:18:07,807
2013/11/8 02:57:04,23:49:57.37,0:48:31.5,251772,90.0,r,40,22.4253005981,20131107,3824235,0,2016/2/21 02:18:07,807
2013/9/30 03:35:49,0:09:13.51,2:22:26.0,239653,90.0,r,42,22.0540008545,20130929,3196123,0,2016/2/21 02:18:07,807
2013/9/30 03:37:56,0:09:13.49,2:22:25.9,239654,90.0,i,42,21.6590003967,20130929,3374718,0,2016/2/21 02:18:07,807
2013/10/11 02:53:29,0:08:20.62,2:18:02.7,242744,90.0,z,48,21.4926986694,20131010,2061301,0,2016/2/21 02:18:07,807
2013/10/12 02:54:49,0:08:15.92,2:17:39.5,243110,90.0,i,19,21.7141990662,20131011,2469716,0,2016/2/21 02:18:07,807
2013/10/12 03:00:52,0:08:15.90,2:17:39.2,243113,90.0,z,19,21.5937995911,20131011,1997063,0,2016/2/21 02:18:07,807
2013/9/30 03:51:02,0:13:09.85,1:04:23.7,239660,90.0,i,52,21.4759998322,20130929,3303963,0,2016/2/21 02:18:07,807
2013/10/13 02:17:39,0:12:01.98,0:55:42.9,243500,90.0,z,8,21.3265991211,20131012,2696002,0,2016/2/21 02:18:07,807
2013/10/13 02:38:33,0:12:01.90,0:55:42.3,243510,90.0,i,8,21.6371994019,20131012,3567880,0,2016/2/21 02:18:07,807
2013/10/28 01:43:05,0:10:50.91,0:46:31.4,247507,90.0,r,34,22.0849990845,20131027,3822532,0,2016/2/21 02:18:07,807
2013/11/8 03:59:15,0:10:07.05,0:40:42.2,251801,90.0,i,9,21.7202987671,20131107,3788958,0,2016/2/21 02:18:07,807
2013/9/30 03:31:33,23:56:38.37,0:35:19.5,239651,90.0,r,36,22.1658992767,20130929,3197707,0,2016/2/21 02:18:07,807
2013/9/30 03:33:40,23:56:38.37,0:35:19.6,239652,90.0,i,36,21.6100997925,20130929,3399208,0,2016/2/21 02:18:07,807
2013/10/11 02:55:29,23:55:50.61,0:30:04.8,242745,90.0,z,35,21.195098877,20131010,1632863,0,2016/2/21 02:18:07,807
2013/10/28 01:22:51,23:54:45.18,0:22:46.9,247497,90.0,r,11,22.2752990723,20131027,3780877,0,2016/2/21 02:18:07,807
2013/9/30 03:31:33,23:56:02.64,1:02:55.8,239651,90.0,r,16,22.6283988953,20130929,3150081,0,2016/2/21 02:18:07,807
2013/9/30 03:33:40,23:56:02.64,1:02:55.7,239652,90.0,i,16,22.1624984741,20130929,3321285,0,2016/2/21 02:18:07,807
2013/10/11 02:55:29,23:55:25.24,0:58:50.0,242745,90.0,z,16,22.0433006287,20131010,1574705,0,2016/2/21 02:18:07,807
2013/10/13 01:56:29,23:55:18.82,0:58:07.5,243490,90.0,i,47,22.324798584,20131012,3534715,0,2016/2/21 02:18:07,807
2013/10/28 00:50:05,23:54:33.88,0:53:05.3,247481,90.0,r,62,22.7042007446,20131027,2648348,0,2016/2/21 02:18:07,807
2013/10/28 00:54:07,23:54:33.87,0:53:05.2,247483,90.0,i,62,21.9735984802,20131027,2626921,0,2016/2/21 02:18:07,807
2013/9/30 03:51:02,0:15:43.58,1:46:45.4,239660,90.0,i,29,22.2854003906,20130929,3256612,0,2016/2/21 02:18:07,807
2013/10/12 02:54:49,0:15:02.00,1:42:08.3,243110,90.0,i,50,22.2523002625,20131011,2519462,0,2016/2/21 02:18:07,807
2013/10/12 03:00:52,0:15:01.98,1:42:08.4,243113,90.0,z,50,21.6590995789,20131011,2059237,0,2016/2/21 02:18:07,807
2013/10/13 02:11:38,0:14:58.72,1:41:46.5,243497,90.0,z,58,21.9610996246,20131012,2681489,0,2016/2/21 02:18:07,807
2013/10/28 01:43:05,0:14:11.18,1:36:28.6,247507,90.0,r,7,22.6168994904,20131027,3800792,0,2016/2/21 02:18:07,807
2013/10/12 02:54:49,0:13:45.75,2:23:22.7,243110,90.0,i,23,23.3830986023,20131011,2478374,0,2016/2/21 02:18:07,807
2013/10/12 03:00:52,0:13:45.74,2:23:22.4,243113,90.0,z,23,22.5284004211,20131011,2003930,0,2016/2/21 02:18:07,807
2013/10/13 02:11:38,0:13:40.56,2:22:48.8,243497,90.0,z,34,22.072599411,20131012,2653791,0,2016/2/21 02:18:07,807
2013/10/28 01:34:59,0:12:25.83,2:14:33.8,247503,90.0,r,53,22.8322982788,20131027,3828704,0,2016/2/21 02:18:07,807
2013/11/8 03:07:15,0:11:39.42,2:09:21.9,251777,90.0,r,28,22.7589988708,20131107,3824198,0,2016/2/21 02:18:07,807
2013/9/30 03:10:13,23:59:05.44,1:50:25.6,239641,90.0,r,19,20.7243003845,20130929,3103016,0,2016/2/21 02:18:07,807
2013/9/30 03:12:19,23:59:05.44,1:50:25.6,239642,90.0,i,19,20.3292999268,20130929,3110891,0,2016/2/21 02:18:07,807
2013/10/11 02:49:18,23:58:09.81,1:44:09.8,242742,90.0,z,25,20.023399353,20131010,2044968,0,2016/2/21 02:18:07,807
2013/10/12 02:56:49,23:58:04.90,1:43:36.2,243111,90.0,i,47,20.3875007629,20131011,2442735,0,2016/2/21 02:18:07,807
2013/10/12 02:58:49,23:58:04.90,1:43:36.0,243112,90.0,z,47,19.9986000061,20131011,2511459,0,2016/2/21 02:18:07,807
2013/10/12 02:22:03,23:54:46.74,1:28:40.2,243094,90.0,i,18,20.7758998871,20131011,2214871,0,2016/2/21 02:18:07,807
2013/10/13 01:16:43,23:54:42.36,1:28:13.8,243471,90.0,z,27,20.300699234,20131012,3466804,0,2016/2/21 02:18:07,807
2013/10/13 01:56:29,23:54:42.23,1:28:13.0,243490,90.0,i,27,20.7395992279,20131012,3492151,0,2016/2/21 02:18:07,807
2013/10/28 00:50:05,23:53:39.15,1:21:47.6,247481,90.0,r,48,21.1933994293,20131027,2641095,0,2016/2/21 02:18:07,807
2013/11/8 02:57:04,23:53:01.00,1:17:50.6,251772,90.0,r,22,21.2990989685,20131107,3807016,0,2016/2/21 02:18:07,807
2013/9/11 06:55:18,0:06:51.80,-4:47:22.7,232834,90.0,r,23,22.2411994934,20130910,734893,0,2016/2/21 02:18:07,807
2013/10/4 05:25:03,0:05:06.45,-5:02:21.8,241142,90.0,r,45,22.1462993622,20131003,1567292,0,2016/2/21 02:18:07,807
2013/10/4 05:27:04,0:05:06.44,-5:02:22.0,241143,90.0,i,45,21.5506000519,20131003,1699015,0,2016/2/21 02:18:07,807
2013/10/13 03:15:20,0:04:26.77,-5:07:40.5,243527,90.0,z,45,21.5302009583,20131012,3740724,0,2016/2/21 02:18:07,807
2013/9/30 03:35:49,0:07:24.65,2:51:42.3,239653,90.0,r,21,20.6898002625,20130929,3157556,0,2016/2/21 02:18:07,807
2013/10/11 02:53:29,0:06:25.08,2:45:25.9,242744,90.0,z,27,19.9433994293,20131010,2017835,0,2016/2/21 02:18:07,807
2013/10/28 01:26:57,0:05:02.12,2:36:26.9,247499,90.0,r,5,20.8626995087,20131027,3776831,0,2016/2/21 02:18:07,807
2013/9/30 03:35:49,0:05:56.84,1:58:27.4,239653,90.0,r,56,21.8500995636,20130929,3234151,0,2016/2/21 02:18:07,807
2013/9/30 03:37:56,0:05:56.83,1:58:27.5,239654,90.0,i,56,21.3677997589,20130929,3418438,0,2016/2/21 02:18:07,807
2013/10/11 02:49:18,0:05:08.77,1:52:29.6,242742,90.0,z,24,20.9232997894,20131010,2044271,0,2016/2/21 02:18:07,807
2013/10/13 02:46:38,0:05:00.30,1:51:25.9,243514,90.0,i,13,21.4193992615,20131012,3660957,0,2016/2/21 02:18:07,807
2013/10/11 02:53:29,0:12:00.10,2:31:35.3,242744,90.0,z,38,22.5835990906,20131010,2040339,0,2016/2/21 02:18:07,807
2013/10/12 03:00:52,0:11:57.05,2:31:12.1,243113,90.0,z,16,22.2322006226,20131011,1991228,0,2016/2/21 02:18:07,807
2013/10/13 02:11:38,0:11:54.14,2:30:50.1,243497,90.0,z,26,22.3612995148,20131012,2647014,0,2016/2/21 02:18:07,807
2013/10/28 01:34:59,0:11:11.81,2:25:23.5,247503,90.0,r,47,23.1167984009,20131027,3820777,0,2016/2/21 02:18:07,807
2013/11/8 03:07:15,0:10:45.19,2:21:49.8,251777,90.0,r,21,22.7826004028,20131107,3817804,0,2016/2/21 02:18:07,807
2013/10/11 02:53:29,0:05:43.89,1:53:21.8,242744,90.0,z,56,21.089099884,20131010,2076473,0,2016/2/21 02:18:07,807
2013/10/13 02:09:40,0:05:32.61,1:52:31.7,243496,90.0,z,13,21.1894989014,20131012,2651116,0,2016/2/21 02:18:07,807
2013/10/13 02:46:38,0:05:32.47,1:52:30.8,243514,90.0,i,13,21.3315010071,20131012,3663089,0,2016/2/21 02:18:07,807
2013/10/28 01:26:57,0:04:13.02,1:46:43.1,247499,90.0,r,34,21.9356002808,20131027,3796765,0,2016/2/21 02:18:07,807
2013/10/11 02:55:29,23:58:25.81,0:20:08.7,242745,90.0,z,44,22.3094997406,20131010,1661463,0,2016/2/21 02:18:07,807
2013/10/12 02:50:41,23:58:21.51,0:19:40.9,243108,90.0,i,21,22.5872001648,20131011,2452583,0,2016/2/21 02:18:07,807
2013/10/12 02:52:40,23:58:21.51,0:19:41.0,243109,90.0,z,21,22.1908988953,20131011,2404135,0,2016/2/21 02:18:07,807
2013/10/13 01:35:10,23:58:17.46,0:19:14.6,243480,90.0,z,32,21.8325004578,20131012,3295567,0,2016/2/21 02:18:07,807
2013/10/28 01:45:05,23:57:18.07,0:12:49.0,247508,90.0,i,51,22.810798645,20131027,3665430,0,2016/2/21 02:18:07,807
2013/9/30 03:35:49,0:10:55.80,2:47:26.5,239653,90.0,r,30,21.7742996216,20130929,3172037,0,2016/2/21 02:18:07,807
2013/9/30 03:37:56,0:10:55.78,2:47:26.5,239654,90.0,i,30,21.1812992096,20130929,3335838,0,2016/2/21 02:18:07,807
2013/10/11 02:53:29,0:10:07.28,2:40:55.3,242744,90.0,z,30,20.6779994965,20131010,2020764,0,2016/2/21 02:18:07,807
2013/10/12 02:54:49,0:10:02.98,2:40:20.0,243110,90.0,i,9,21.0962982178,20131011,2453845,0,2016/2/21 02:18:07,807
2013/10/12 03:00:52,0:10:02.97,2:40:19.8,243113,90.0,z,9,20.8612995148,20131011,1973133,0,2016/2/21 02:18:07,807
2013/10/28 01:34:59,0:08:59.07,2:31:24.9,247503,90.0,r,39,21.7000007629,20131027,3808712,0,2016/2/21 02:18:07,807
2013/9/30 03:37:56,0:08:58.89,1:47:22.1,239654,90.0,i,62,22.3490982056,20130929,3432797,0,2016/2/21 02:18:07,807
2013/10/12 02:54:49,0:08:02.97,1:41:15.2,243110,90.0,i,45,22.4958992004,20131011,2513751,0,2016/2/21 02:18:07,807
2013/10/12 03:00:52,0:08:02.96,1:41:14.9,243113,90.0,z,45,22.0313987732,20131011,2051104,0,2016/2/21 02:18:07,807
2013/10/13 02:46:38,0:07:58.48,1:40:45.4,243514,90.0,i,21,22.7096996307,20131012,3673063,0,2016/2/21 02:18:07,807
2013/10/28 01:26:57,0:06:55.48,1:33:46.6,247499,90.0,r,42,23.0869998932,20131027,3804644,0,2016/2/21 02:18:07,807
2013/9/30 03:35:49,0:07:11.53,1:57:39.0,239653,90.0,r,57,21.9701004028,20130929,3236284,0,2016/2/21 02:18:07,807
2013/9/30 03:37:56,0:07:11.52,1:57:38.8,239654,90.0,i,57,21.4279994965,20130929,3421663,0,2016/2/21 02:18:07,807
2013/10/11 02:53:29,0:06:26.54,1:52:28.4,242744,90.0,z,56,21.1749992371,20131010,2076644,0,2016/2/21 02:18:07,807
2013/10/13 02:09:40,0:06:18.73,1:51:34.1,243496,90.0,z,14,21.1375999451,20131012,2650864,0,2016/2/21 02:18:07,807
2013/10/13 02:46:38,0:06:18.62,1:51:33.3,243514,90.0,i,14,21.579498291,20131012,3662174,0,2016/2/21 02:18:07,807
2013/9/30 03:08:02,23:51:40.99,1:20:20.6,239640,90.0,r,44,22.6005992889,20130929,3371360,0,2016/2/21 02:18:07,807
2013/9/30 03:14:27,23:51:40.96,1:20:20.6,239643,90.0,i,44,21.9749984741,20130929,3219334,0,2016/2/21 02:18:07,807
2013/10/11 02:51:19,23:50:46.26,1:16:17.7,242743,90.0,z,49,21.5486984253,20131010,1932965,0,2016/2/21 02:18:07,807
2013/10/13 01:33:07,23:50:36.93,1:15:36.4,243479,90.0,z,3,21.4189987183,20131012,3461547,0,2016/2/21 02:18:07,807
2013/10/13 01:54:28,23:50:36.87,1:15:36.2,243489,90.0,i,3,21.9832992554,20131012,3558850,0,2016/2/21 02:18:07,807
2013/10/28 01:00:14,23:49:30.79,1:10:46.8,247486,90.0,r,18,22.6016998291,20131027,3751716,0,2016/2/21 02:18:07,807
2013/10/28 01:02:14,23:49:30.79,1:10:46.8,247487,90.0,i,18,22.0447006226,20131027,3695786,0,2016/2/21 02:18:07,807
2013/9/30 03:35:49,0:10:48.86,3:10:52.6,239653,90.0,r,12,21.212600708,20130929,3141239,0,2016/2/21 02:18:07,807
2013/9/30 03:37:56,0:10:48.86,3:10:52.6,239654,90.0,i,12,20.7604999542,20130929,3275811,0,2016/2/21 02:18:07,807
2013/10/12 03:00:52,0:09:52.75,3:04:43.7,243113,90.0,z,1,20.6581001282,20131011,1955216,0,2016/2/21 02:18:07,807
2013/10/28 01:34:59,0:08:44.90,2:57:04.1,247503,90.0,r,25,21.3004989624,20131027,3789973,0,2016/2/21 02:18:07,807
2013/9/30 03:35:49,0:11:13.12,2:52:00.7,239653,90.0,r,24,22.3488006592,20130929,3165040,0,2016/2/21 02:18:07,807
2013/10/12 02:54:49,0:10:15.61,2:44:18.3,243110,90.0,i,9,22.7476005554,20131011,2453860,0,2016/2/21 02:18:07,807
2013/10/12 03:00:52,0:10:15.60,2:44:18.0,243113,90.0,z,9,22.1931991577,20131011,1973167,0,2016/2/21 02:18:07,807
2013/10/28 01:34:59,0:09:06.17,2:34:38.1,247503,90.0,r,39,23.5995998383,20131027,3808724,0,2016/2/21 02:18:07,807
2013/9/30 03:12:19,0:03:54.36,1:38:29.9,239642,90.0,i,30,21.0462989807,20130929,3117038,0,2016/2/21 02:18:07,807
2013/10/11 02:49:18,0:03:03.49,1:32:28.7,242742,90.0,z,36,20.804599762,20131010,2062708,0,2016/2/21 02:18:07,807
2013/10/13 01:18:43,0:02:54.83,1:31:26.6,243472,90.0,z,62,20.876499176,20131012,3359820,0,2016/2/21 02:18:07,807
2013/10/13 02:34:31,0:02:54.59,1:31:25.0,243508,90.0,i,62,21.2729988098,20131012,3766630,0,2016/2/21 02:18:07,807
2013/10/28 01:41:02,0:01:52.84,1:23:54.7,247506,90.0,r,12,21.697599411,20131027,3777939,0,2016/2/21 02:18:07,807
2013/9/30 03:31:33,23:54:17.72,0:44:34.6,239651,90.0,r,27,22.4025001526,20130929,3176875,0,2016/2/21 02:18:07,807
2013/9/30 03:33:40,23:54:17.71,0:44:34.6,239652,90.0,i,27,21.9340991974,20130929,3367275,0,2016/2/21 02:18:07,807
2013/10/13 01:16:43,23:53:23.71,0:40:02.1,243471,90.0,z,56,21.7182998657,20131012,3536238,0,2016/2/21 02:18:07,807
2013/10/13 01:56:29,23:53:23.60,0:40:01.7,243490,90.0,i,56,21.9230995178,20131012,3550272,0,2016/2/21 02:18:07,807
2013/10/28 01:22:51,23:52:27.62,0:35:22.3,247497,90.0,r,5,22.6151008606,20131027,3778064,0,2016/2/21 02:18:07,807
2013/9/30 03:10:13,0:05:06.84,1:23:59.8,239641,90.0,r,44,21.888999939,20130929,3107515,0,2016/2/21 02:18:07,807
2013/9/30 03:12:19,0:05:06.84,1:23:59.9,239642,90.0,i,44,21.3475990295,20130929,3120013,0,2016/2/21 02:18:07,807
2013/10/11 02:49:18,0:04:22.60,1:18:59.8,242742,90.0,z,44,21.0985984802,20131010,2079085,0,2016/2/21 02:18:07,807
2013/10/13 02:09:40,0:04:14.93,1:18:07.3,243496,90.0,z,32,21.0023002625,20131012,2668261,0,2016/2/21 02:18:07,807
2013/10/13 02:46:38,0:04:14.83,1:18:06.6,243514,90.0,i,32,21.5584983826,20131012,3683732,0,2016/2/21 02:18:07,807
2013/10/28 01:26:57,0:03:20.97,1:11:55.1,247499,90.0,r,51,21.9284000397,20131027,3810628,0,2016/2/21 02:18:07,807
2013/9/30 03:33:40,23:51:54.36,0:46:04.6,239652,90.0,i,25,22.7957992554,20130929,3357889,0,2016/2/21 02:18:07,807
2013/10/11 02:55:29,23:51:16.42,0:41:46.3,242745,90.0,z,25,22.2602996826,20131010,1606202,0,2016/2/21 02:18:07,807
2013/10/12 02:22:03,23:51:13.18,0:41:24.1,243094,90.0,i,47,22.6781005859,20131011,2270986,0,2016/2/21 02:18:07,807
2013/10/13 01:33:07,23:51:09.99,0:41:02.2,243479,90.0,z,23,22.177898407,20131012,3519551,0,2016/2/21 02:18:07,807
2013/10/13 01:54:28,23:51:09.94,0:41:01.7,243489,90.0,i,23,22.4864997864,20131012,3582590,0,2016/2/21 02:18:07,807
2013/10/13 01:16:43,23:57:13.66,1:26:04.4,243471,90.0,z,29,22.1049995422,20131012,3473896,0,2016/2/21 02:18:07,807
2013/10/28 00:54:07,23:56:10.87,1:20:26.0,247483,90.0,i,50,22.9001998901,20131027,2622284,0,2016/2/21 02:18:07,807
2013/11/8 02:57:04,23:55:32.84,1:17:04.2,251772,90.0,r,24,23.0722007751,20131107,3807616,0,2016/2/21 02:18:07,807
2013/9/30 03:31:33,23:51:42.31,0:52:51.7,239651,90.0,r,19,21.8525009155,20130929,3156359,0,2016/2/21 02:18:07,807
2013/9/30 03:33:40,23:51:42.30,0:52:51.8,239652,90.0,i,19,21.5756988525,20130929,3329698,0,2016/2/21 02:18:07,807
2013/10/12 02:22:03,23:50:48.62,0:47:38.4,243094,90.0,i,40,21.3269996643,20131011,2260752,0,2016/2/21 02:18:07,807
2013/10/13 01:33:07,23:50:44.46,0:47:13.9,243479,90.0,z,17,20.9096984863,20131012,3503097,0,2016/2/21 02:18:07,807
2013/10/13 01:54:28,23:50:44.41,0:47:13.6,243489,90.0,i,17,21.4762992859,20131012,3575212,0,2016/2/21 02:18:07,807
2013/9/30 03:31:33,23:57:27.46,1:21:33.9,239651,90.0,r,7,22.1322994232,20130929,3127910,0,2016/2/21 02:18:07,807
2013/9/30 03:33:40,23:57:27.44,1:21:33.6,239652,90.0,i,7,21.5009994507,20130929,3278071,0,2016/2/21 02:18:07,807
2013/10/13 01:16:43,23:56:34.74,1:16:51.3,243471,90.0,z,36,21.1478996277,20131012,3491266,0,2016/2/21 02:18:07,807
2013/10/13 01:56:29,23:56:34.62,1:16:50.7,243490,90.0,i,36,21.6683998108,20131012,3510978,0,2016/2/21 02:18:07,807
2013/10/28 00:50:05,23:55:40.16,1:11:58.3,247481,90.0,r,55,22.0566997528,20131027,2645055,0,2016/2/21 02:18:07,807
2013/10/28 00:54:07,23:55:40.16,1:11:58.3,247483,90.0,i,55,21.6513996124,20131027,2625201,0,2016/2/21 02:18:07,807
2013/11/8 02:57:04,23:55:06.84,1:09:02.4,251772,90.0,r,30,22.1403999329,20131107,3813768,0,2016/2/21 02:18:07,807
2013/9/30 03:31:33,23:54:20.17,1:23:32.4,239651,90.0,r,5,22.1830997467,20130929,3126237,0,2016/2/21 02:18:07,807
2013/9/30 03:33:40,23:54:20.16,1:23:32.2,239652,90.0,i,5,21.3945007324,20130929,3270414,0,2016/2/21 02:18:07,807
2013/10/11 02:55:29,23:53:30.97,1:17:59.3,242745,90.0,z,4,21.1898994446,20131010,1544184,0,2016/2/21 02:18:07,807
2013/10/12 02:22:03,23:53:26.75,1:17:30.5,243094,90.0,i,22,21.7254981995,20131011,2227064,0,2016/2/21 02:18:07,807
2013/10/13 01:16:43,23:53:22.66,1:17:02.4,243471,90.0,z,33,21.2964992523,20131012,3485088,0,2016/2/21 02:18:07,807
2013/10/13 01:56:29,23:53:22.54,1:17:01.6,243490,90.0,i,33,21.6931991577,20131012,3504530,0,2016/2/21 02:18:07,807
2013/10/12 02:56:49,23:58:20.51,2:40:11.1,243111,90.0,i,10,21.4264984131,20131011,2400671,0,2016/2/21 02:18:07,807
2013/10/12 02:58:49,23:58:20.51,2:40:11.1,243112,90.0,z,10,21.0612983704,20131011,2464555,0,2016/2/21 02:18:07,807
2013/10/13 01:18:43,23:58:15.86,2:39:39.8,243472,90.0,z,19,21.104598999,20131012,3230246,0,2016/2/21 02:18:07,807
2013/10/13 02:34:31,23:58:15.60,2:39:38.1,243508,90.0,i,19,21.4293994904,20131012,3709046,0,2016/2/21 02:18:07,807
2013/10/28 01:30:58,23:57:06.94,2:31:43.8,247501,90.0,r,40,22.0163002014,20131027,3787248,0,2016/2/21 02:18:07,807
2013/11/8 03:05:12,23:56:25.67,2:26:43.6,251776,90.0,r,14,21.8651008606,20131107,3778141,0,2016/2/21 02:18:07,807
2013/10/12 02:22:03,23:52:14.02,1:39:46.1,243094,90.0,i,10,22.353099823,20131011,2193840,0,2016/2/21 02:18:07,807
2013/10/13 01:56:29,23:52:10.23,1:39:20.2,243490,90.0,i,19,22.4323997498,20131012,3466594,0,2016/2/21 02:18:07,807
2013/10/28 00:50:05,23:51:17.48,1:33:10.6,247481,90.0,r,40,22.5382003784,20131027,2633124,0,2016/2/21 02:18:07,807
2013/9/30 03:14:27,23:51:30.21,1:25:50.3,239643,90.0,i,44,22.4342002869,20130929,3219175,0,2016/2/21 02:18:07,807
2013/10/12 02:22:03,23:50:32.26,1:17:25.5,243094,90.0,i,20,22.8238983154,20131011,2220671,0,2016/2/21 02:18:07,807
2013/10/13 01:33:07,23:50:27.79,1:16:45.6,243479,90.0,z,3,22.6448993683,20131012,3461534,0,2016/2/21 02:18:07,807
2013/9/30 03:10:13,23:58:51.86,2:15:17.5,239641,90.0,r,8,23.1545982361,20130929,3099895,0,2016/2/21 02:18:07,807
2013/9/30 03:12:19,23:58:51.85,2:15:17.6,239642,90.0,i,8,22.651599884,20130929,3109311,0,2016/2/21 02:18:07,807
2013/10/28 01:30:58,23:57:07.68,2:03:32.6,247501,90.0,r,56,23.3817996979,20131027,3798346,0,2016/2/21 02:18:07,807
2013/11/8 03:05:12,23:56:35.63,1:59:42.4,251776,90.0,r,33,23.4413986206,20131107,3783829,0,2016/2/21 02:18:07,807
2013/9/30 03:48:55,0:15:44.17,2:35:38.0,239659,90.0,r,3,22.2220993042,20130929,3122642,0,2016/2/21 02:18:07,807
2013/9/30 03:51:02,0:15:44.17,2:35:37.8,239660,90.0,i,3,21.8071994781,20130929,3182945,0,2016/2/21 02:18:07,807
2013/10/12 02:54:49,0:14:47.78,2:27:42.1,243110,90.0,i,18,21.7781982422,20131011,2469390,0,2016/2/21 02:18:07,807
2013/10/12 03:00:52,0:14:47.75,2:27:42.0,243113,90.0,z,18,21.6390991211,20131011,1995205,0,2016/2/21 02:18:07,807
2013/10/13 02:11:38,0:14:43.33,2:27:04.3,243497,90.0,z,28,22.9409999847,20131012,2649018,0,2016/2/21 02:18:07,807
2013/10/28 01:34:59,0:13:39.32,2:17:46.4,247503,90.0,r,54,22.1979999542,20131027,3829566,0,2016/2/21 02:18:07,807
2013/11/8 03:07:15,0:12:59.69,2:11:41.7,251777,90.0,r,29,22.5663986206,20131107,3824556,0,2016/2/21 02:18:07,807
2013/9/30 03:10:13,0:03:42.57,1:46:48.4,239641,90.0,r,30,22.6224994659,20130929,3103183,0,2016/2/21 02:18:07,807
2013/9/30 03:12:19,0:03:42.55,1:46:48.4,239642,90.0,i,30,22.3833007812,20130929,3117008,0,2016/2/21 02:18:07,807
2013/10/13 01:18:43,0:02:59.26,1:42:03.5,243472,90.0,z,58,21.7784996033,20131012,3351150,0,2016/2/21 02:18:07,807
2013/10/13 02:34:31,0:02:59.09,1:42:02.1,243508,90.0,i,58,22.4102993011,20131012,3763976,0,2016/2/21 02:18:07,807
2013/10/28 01:26:57,0:02:13.98,1:36:59.3,247499,90.0,r,39,23.0434989929,20131027,3801694,0,2016/2/21 02:18:07,807
2013/9/30 03:10:13,0:01:45.81,1:39:56.1,239641,90.0,r,28,22.7121009827,20130929,3104508,0,2016/2/21 02:18:07,807
2013/9/30 03:12:19,0:01:45.79,1:39:55.9,239642,90.0,i,28,22.2542991638,20130929,3114843,0,2016/2/21 02:18:07,807
2013/10/12 02:58:49,0:00:58.01,1:34:59.4,243112,90.0,z,55,22.0559997559,20131011,2519505,0,2016/2/21 02:18:07,807
2013/10/13 01:18:43,0:00:54.43,1:34:37.0,243472,90.0,z,60,21.799200058,20131012,3356623,0,2016/2/21 02:18:07,807
2013/11/8 03:05:12,23:59:28.69,1:25:32.8,251776,90.0,r,58,23.2364006042,20131107,3801025,0,2016/2/21 02:18:07,807
2013/9/30 03:10:13,0:04:04.07,1:41:21.5,239641,90.0,r,30,23.0597000122,20130929,3103210,0,2016/2/21 02:18:07,807
2013/9/30 03:12:19,0:04:04.07,1:41:21.3,239642,90.0,i,30,22.7189998627,20130929,3117053,0,2016/2/21 02:18:07,807
2013/10/13 01:18:43,0:03:22.61,1:36:48.6,243472,90.0,z,59,22.4431991577,20131012,3355091,0,2016/2/21 02:18:07,807
2013/10/13 02:34:31,0:03:22.44,1:36:47.6,243508,90.0,i,59,23.1714000702,20131012,3766097,0,2016/2/21 02:18:07,807
2013/10/28 01:26:57,0:02:39.08,1:31:57.4,247499,90.0,r,39,23.3857002258,20131027,3801753,0,2016/2/21 02:18:07,807
2013/10/12 02:56:49,23:58:53.23,2:19:03.6,243111,90.0,i,22,20.814699173,20131011,2407931,0,2016/2/21 02:18:07,807
2013/10/12 02:58:49,23:58:53.24,2:19:03.7,243112,90.0,z,22,20.4221000671,20131011,2479753,0,2016/2/21 02:18:07,807
2013/10/13 01:18:43,23:58:48.57,2:18:35.3,243472,90.0,z,33,20.4206008911,20131012,3268419,0,2016/2/21 02:18:07,807
2013/10/13 02:34:31,23:58:48.31,2:18:33.7,243508,90.0,i,33,20.8206996918,20131012,3730973,0,2016/2/21 02:18:07,807
2013/10/28 01:30:58,23:57:39.28,2:11:26.9,247501,90.0,r,52,21.2630996704,20131027,3796046,0,2016/2/21 02:18:07,807
2013/9/30 03:08:02,23:50:52.92,1:00:43.9,239640,90.0,r,55,22.5038986206,20130929,3403458,0,2016/2/21 02:18:07,807
2013/9/30 03:14:27,23:50:52.90,1:00:43.7,239643,90.0,i,55,22.1833000183,20130929,3267060,0,2016/2/21 02:18:07,807
2013/10/11 02:51:19,23:49:57.40,0:54:31.0,242743,90.0,z,58,21.6595001221,20131010,1958560,0,2016/2/21 02:18:07,807
2013/10/12 02:22:03,23:49:52.66,0:53:58.7,243094,90.0,i,40,22.2906990051,20131011,2260449,0,2016/2/21 02:18:07,807
2013/9/30 03:31:33,23:56:03.26,1:34:30.1,239651,90.0,r,3,22.6237983704,20130929,3122165,0,2016/2/21 02:18:07,807
2013/9/30 03:33:40,23:56:03.26,1:34:30.1,239652,90.0,i,3,22.5069007874,20130929,3265144,0,2016/2/21 02:18:07,807
2013/10/12 02:22:03,23:55:22.27,1:30:08.2,243094,90.0,i,18,22.5631999969,20131011,2217012,0,2016/2/21 02:18:07,807
2013/10/13 01:16:43,23:55:19.14,1:29:47.8,243471,90.0,z,28,22.1111984253,20131012,3471861,0,2016/2/21 02:18:07,807
2013/10/13 01:56:29,23:55:19.04,1:29:47.6,243490,90.0,i,28,22.2505989075,20131012,3492379,0,2016/2/21 02:18:07,807
2013/10/28 00:50:05,23:54:33.53,1:24:49.1,247481,90.0,r,49,23.2411994934,20131027,2641386,0,2016/2/21 02:18:07,807
2013/10/28 00:54:07,23:54:33.53,1:24:48.9,247483,90.0,i,49,22.3931999207,20131027,2621072,0,2016/2/21 02:18:07,807
2013/11/8 02:57:04,23:54:05.78,1:21:42.0,251772,90.0,r,23,23.0672988892,20131107,3806511,0,2016/2/21 02:18:07,807
2013/9/30 03:48:55,0:15:21.14,2:21:29.9,239659,90.0,r,6,22.6289997101,20130929,3127761,0,2016/2/21 02:18:07,807
2013/9/30 03:51:02,0:15:21.12,2:21:29.8,239660,90.0,i,6,21.7947006226,20130929,3191209,0,2016/2/21 02:18:07,807
2013/10/12 02:54:49,0:14:18.10,2:14:52.8,243110,90.0,i,30,21.7835998535,20131011,2493013,0,2016/2/21 02:18:07,807
2013/10/12 03:00:52,0:14:18.08,2:14:52.5,243113,90.0,z,30,21.7406997681,20131011,2022113,0,2016/2/21 02:18:07,807
2013/11/8 03:07:15,0:12:16.63,2:01:59.7,251777,90.0,r,36,22.7493000031,20131107,3828974,0,2016/2/21 02:18:07,807
2013/9/30 03:08:02,23:52:48.26,1:35:19.6,239640,90.0,r,38,22.2397003174,20130929,3354448,0,2016/2/21 02:18:07,807
2013/9/30 03:14:27,23:52:48.24,1:35:19.3,239643,90.0,i,38,21.6958999634,20130929,3196215,0,2016/2/21 02:18:07,807
2013/10/11 02:51:19,23:52:07.79,1:30:54.8,242743,90.0,z,38,21.4708995819,20131010,1907523,0,2016/2/21 02:18:07,807
2013/10/12 02:22:03,23:52:04.32,1:30:32.0,243094,90.0,i,15,21.6963996887,20131011,2207464,0,2016/2/21 02:18:07,807
2013/10/28 00:54:07,23:51:12.48,1:24:41.5,247483,90.0,i,46,21.740398407,20131027,2619897,0,2016/2/21 02:18:07,807
2013/10/11 02:49:18,23:58:27.86,1:59:04.7,242742,90.0,z,13,22.2569999695,20131010,2018432,0,2016/2/21 02:18:07,807
2013/10/12 02:56:49,23:58:23.85,1:58:47.3,243111,90.0,i,35,22.5195999146,20131011,2421248,0,2016/2/21 02:18:07,807
2013/10/12 02:58:49,23:58:23.85,1:58:47.2,243112,90.0,z,35,22.5450000763,20131011,2495768,0,2016/2/21 02:18:07,807
2013/10/13 01:56:29,23:58:20.05,1:58:31.1,243490,90.0,i,12,22.6823997498,20131012,3448063,0,2016/2/21 02:18:07,807
2013/10/13 02:34:31,23:58:19.94,1:58:30.6,243508,90.0,i,45,22.4988994598,20131012,3749731,0,2016/2/21 02:18:07,807
2013/11/8 03:05:12,23:56:49.94,1:52:18.6,251776,90.0,r,40,22.7896003723,20131107,3785787,0,2016/2/21 02:18:07,807
2013/9/30 03:12:19,0:03:30.08,0:56:57.9,239642,90.0,i,59,22.1054000854,20130929,3132466,0,2016/2/21 02:18:07,807
2013/10/11 02:49:18,0:02:42.59,0:51:22.5,242742,90.0,z,58,21.5020999908,20131010,2102585,0,2016/2/21 02:18:07,807
2013/10/13 01:35:10,0:02:34.46,0:50:24.7,243480,90.0,z,16,21.5812988281,20131012,3232607,0,2016/2/21 02:18:07,807
2013/10/13 02:36:31,0:02:34.30,0:50:23.5,243509,90.0,i,16,21.9520988464,20131012,3499328,0,2016/2/21 02:18:07,807
2013/10/28 01:45:05,0:01:36.98,0:43:31.5,247508,90.0,i,37,22.4455986023,20131027,3660294,0,2016/2/21 02:18:07,807
2013/10/11 02:55:29,23:56:57.78,-0:11:06.2,242745,90.0,z,59,19.8899002075,20131010,1697695,0,2016/2/21 02:18:07,807
2013/10/12 02:52:40,23:56:52.64,-0:11:37.4,243109,90.0,z,40,19.9333992004,20131011,2420342,0,2016/2/21 02:18:07,807
2013/10/13 01:45:59,23:56:47.76,-0:12:06.9,243485,90.0,z,17,19.9832000732,20131012,3600283,0,2016/2/21 02:18:07,807
2013/10/28 01:22:51,23:55:37.38,-0:19:09.9,247497,90.0,r,37,20.7978992462,20131027,3804247,0,2016/2/21 02:18:07,807
2013/11/8 03:13:45,23:54:55.18,-0:23:19.5,251780,90.0,r,12,20.8502998352,20131107,3795614,0,2016/2/21 02:18:07,807
2013/10/12 02:22:03,23:52:15.15,1:37:57.1,243094,90.0,i,10,21.9449996948,20131011,2193841,0,2016/2/21 02:18:07,807
2013/10/13 01:16:43,23:52:11.46,1:37:32.6,243471,90.0,z,19,21.5406990051,20131012,3446419,0,2016/2/21 02:18:07,807
2013/10/13 01:56:29,23:52:11.35,1:37:31.7,243490,90.0,i,19,22.0579986572,20131012,3466598,0,2016/2/21 02:18:07,807
2013/10/28 00:50:05,23:51:18.00,1:31:28.9,247481,90.0,r,40,22.5225982666,20131027,2633125,0,2016/2/21 02:18:07,807
2013/11/8 02:57:04,23:50:45.86,1:27:40.7,251772,90.0,r,14,22.5326004028,20131107,3800704,0,2016/2/21 02:18:07,807
2013/9/30 03:10:13,0:03:54.59,2:16:23.1,239641,90.0,r,12,22.2944984436,20130929,3100553,0,2016/2/21 02:18:07,807
2013/9/30 03:12:19,0:03:54.58,2:16:23.1,239642,90.0,i,12,21.8536987305,20130929,3112026,0,2016/2/21 02:18:07,807
2013/10/13 01:18:43,0:02:59.83,2:08:52.2,243472,90.0,z,42,21.5816001892,20131012,3302200,0,2016/2/21 02:18:07,807
2013/10/13 02:34:31,0:02:59.62,2:08:50.4,243508,90.0,i,42,21.9211997986,20131012,3746350,0,2016/2/21 02:18:07,807
2013/11/8 03:05:12,0:01:28.87,1:55:27.7,251776,90.0,r,44,22.5999984741,20131107,3788680,0,2016/2/21 02:18:07,807
2013/9/30 03:10:13,23:58:40.63,1:51:06.4,239641,90.0,r,19,22.2855987549,20130929,3103005,0,2016/2/21 02:18:07,807
2013/9/30 03:12:19,23:58:40.63,1:51:06.3,239642,90.0,i,19,21.8401985168,20130929,3110823,0,2016/2/21 02:18:07,807
2013/10/12 02:56:49,23:57:43.68,1:44:55.2,243111,90.0,i,47,21.9374008179,20131011,2442685,0,2016/2/21 02:18:07,807
2013/10/12 02:58:49,23:57:43.67,1:44:54.9,243112,90.0,z,47,21.8199005127,20131011,2511421,0,2016/2/21 02:18:07,807
2013/10/13 01:56:29,23:57:39.32,1:44:26.3,243490,90.0,i,17,21.9133987427,20131012,3463083,0,2016/2/21 02:18:07,807
2013/9/30 03:31:33,23:54:32.91,1:22:41.8,239651,90.0,r,5,22.9988994598,20130929,3126252,0,2016/2/21 02:18:07,807
2013/9/30 03:33:40,23:54:32.89,1:22:41.6,239652,90.0,i,5,22.9104003906,20130929,3270458,0,2016/2/21 02:18:07,807
2013/10/12 02:22:03,23:53:56.46,1:18:34.5,243094,90.0,i,23,22.7714996338,20131011,2229189,0,2016/2/21 02:18:07,807
2013/10/13 01:56:29,23:53:53.58,1:18:14.7,243490,90.0,i,34,22.8628005981,20131012,3507404,0,2016/2/21 02:18:07,807
2013/10/28 00:50:05,23:53:13.14,1:13:32.3,247481,90.0,r,53,23.5083999634,20131027,2642357,0,2016/2/21 02:18:07,807
2013/10/28 00:54:07,23:53:13.11,1:13:32.1,247483,90.0,i,53,22.6288986206,20131027,2622916,0,2016/2/21 02:18:07,807
2013/11/8 02:57:04,23:52:48.44,1:10:32.8,251772,90.0,r,28,23.3373985291,20131107,3809918,0,2016/2/21 02:18:07,807
2013/9/30 03:53:07,0:11:14.19,0:59:36.6,239661,90.0,r,18,22.7236995697,20130929,922339,0,2016/2/21 02:18:07,807
2013/10/13 02:09:40,0:10:02.85,0:47:47.9,243496,90.0,z,54,21.7006988525,20131012,2691653,0,2016/2/21 02:18:07,807
2013/10/28 01:43:05,0:08:48.52,0:35:04.5,247507,90.0,r,39,22.3743991852,20131027,3826770,0,2016/2/21 02:18:07,807
2013/10/4 05:25:03,0:05:37.79,-4:19:27.2,241142,90.0,r,14,22.2973995209,20131003,1523887,0,2016/2/21 02:18:07,807
2013/10/4 05:27:04,0:05:37.79,-4:19:27.2,241143,90.0,i,14,21.9444007874,20131003,1624204,0,2016/2/21 02:18:07,807
2013/10/13 03:15:20,0:04:46.37,-4:23:53.6,243527,90.0,z,19,21.7188987732,20131012,3690474,0,2016/2/21 02:18:07,807
2013/11/8 03:44:39,0:02:40.57,-4:33:02.6,251794,90.0,i,14,22.058599472,20131107,3803785,0,2016/2/21 02:18:07,807
2013/10/12 02:56:49,23:59:07.03,2:32:20.9,243111,90.0,i,16,22.7217998505,20131011,2404492,0,2016/2/21 02:18:07,807
2013/10/13 02:34:31,23:59:02.74,2:31:50.1,243508,90.0,i,26,23.3037986755,20131012,3720136,0,2016/2/21 02:18:07,807
2013/10/28 01:30:58,23:58:02.65,2:24:23.1,247501,90.0,r,46,23.6605987549,20131027,3789468,0,2016/2/21 02:18:07,807
2013/10/11 02:55:29,23:57:03.36,-0:14:52.5,242745,90.0,z,62,20.6012001038,20131010,1701722,0,2016/2/21 02:18:07,807
2013/10/13 01:45:59,23:56:54.73,-0:15:38.9,243485,90.0,z,17,20.5450992584,20131012,3600306,0,2016/2/21 02:18:07,807
2013/10/13 02:05:09,23:56:54.67,-0:15:39.1,243494,90.0,i,17,20.9711990356,20131012,2608369,0,2016/2/21 02:18:07,807
2013/10/28 01:22:51,23:55:53.83,-0:20:59.9,247497,90.0,r,37,21.3817996979,20131027,3804327,0,2016/2/21 02:18:07,807
2013/11/8 03:13:45,23:55:16.89,-0:24:05.1,251780,90.0,r,12,21.553899765,20131107,3795619,0,2016/2/21 02:18:07,807
2013/10/12 02:56:49,23:57:45.48,2:30:19.7,243111,90.0,i,15,22.1070995331,20131011,2404302,0,2016/2/21 02:18:07,807
2013/10/12 02:58:49,23:57:45.48,2:30:19.7,243112,90.0,z,15,21.5752983093,20131011,2469541,0,2016/2/21 02:18:07,807
2013/10/13 01:18:43,23:57:41.44,2:29:51.7,243472,90.0,z,25,21.523399353,20131012,3239927,0,2016/2/21 02:18:07,807
2013/10/13 02:34:31,23:57:41.21,2:29:50.0,243508,90.0,i,25,22.1227989197,20131012,3717797,0,2016/2/21 02:18:07,807
2013/10/28 01:30:58,23:56:41.41,2:22:43.7,247501,90.0,r,45,22.6665000916,20131027,3789355,0,2016/2/21 02:18:07,807
2013/9/30 03:10:13,0:04:17.82,1:01:52.1,239641,90.0,r,55,22.434299469,20130929,3108304,0,2016/2/21 02:18:07,807
2013/9/30 03:12:19,0:04:17.80,1:01:52.2,239642,90.0,i,55,21.876499176,20130929,3122356,0,2016/2/21 02:18:07,807
2013/10/11 02:49:18,0:03:16.14,0:57:41.6,242742,90.0,z,59,21.4685993195,20131010,2105149,0,2016/2/21 02:18:07,807
2013/10/13 01:35:10,0:03:05.54,0:56:58.8,243480,90.0,z,11,21.5839996338,20131012,3213994,0,2016/2/21 02:18:07,807
2013/10/13 02:36:31,0:03:05.31,0:56:58.0,243509,90.0,i,11,22.0205993652,20131012,3487080,0,2016/2/21 02:18:07,807
2013/10/28 01:41:02,0:01:49.24,0:52:03.3,247506,90.0,r,30,22.0886001587,20131027,3783719,0,2016/2/21 02:18:07,807
2013/9/30 03:48:55,0:14:24.39,2:02:59.6,239659,90.0,r,15,20.8379993439,20130929,3142657,0,2016/2/21 02:18:07,807
2013/10/13 02:11:38,0:12:53.78,1:52:51.3,243497,90.0,z,52,22.3923988342,20131012,2674620,0,2016/2/21 02:18:07,807
2013/10/28 01:43:05,0:11:17.76,1:42:00.4,247507,90.0,r,1,20.5635986328,20131027,3797701,0,2016/2/21 02:18:07,807
2013/9/30 03:51:02,0:13:59.70,2:00:23.8,239660,90.0,i,15,21.2339992523,20130929,3214872,0,2016/2/21 02:18:07,807
2013/10/12 02:54:49,0:12:53.57,1:53:16.2,243110,90.0,i,43,21.2311992645,20131011,2510442,0,2016/2/21 02:18:07,807
2013/10/12 03:00:52,0:12:53.56,1:53:16.2,243113,90.0,z,43,20.7912998199,20131011,2044876,0,2016/2/21 02:18:07,807
2013/10/28 01:43:05,0:11:33.58,1:44:35.5,247507,90.0,r,1,21.844499588,20131027,3797721,0,2016/2/21 02:18:07,807
2013/10/13 02:11:38,0:14:23.14,3:01:38.6,243497,90.0,z,10,22.1963996887,20131012,2625711,0,2016/2/21 02:18:07,807
2013/10/28 01:34:59,0:13:14.84,2:53:57.7,247503,90.0,r,29,22.003200531,20131027,3797737,0,2016/2/21 02:18:07,807
2013/11/8 03:07:15,0:12:32.36,2:49:03.1,251777,90.0,r,6,22.0298995972,20131107,3807067,0,2016/2/21 02:18:07,807
2013/9/30 03:48:55,0:11:39.42,1:10:57.8,239659,90.0,r,45,22.9692993164,20130929,3167344,0,2016/2/21 02:18:07,807
2013/10/13 02:09:40,0:10:29.06,1:00:42.2,243496,90.0,z,49,22.106300354,20131012,2686650,0,2016/2/21 02:18:07,807
2013/11/8 03:59:15,0:08:28.92,0:42:25.9,251801,90.0,i,8,21.9629993439,20131107,3789558,0,2016/2/21 02:18:07,807
2013/10/12 03:00:52,0:11:32.16,2:41:07.5,243113,90.0,z,10,22.1112995148,20131011,1971970,0,2016/2/21 02:18:07,807
2013/10/28 01:34:59,0:10:50.35,2:36:05.7,247503,90.0,r,40,23.1898002625,20131027,3810461,0,2016/2/21 02:18:07,807
2013/11/8 03:07:15,0:10:24.89,2:32:56.7,251777,90.0,r,15,21.3472995758,20131107,3812391,0,2016/2/21 02:18:07,807
2013/9/30 03:31:33,23:56:46.04,1:08:46.3,239651,90.0,r,11,21.1651000977,20130929,3137282,0,2016/2/21 02:18:07,807
2013/9/30 03:33:40,23:56:46.04,1:08:46.1,239652,90.0,i,11,20.7339992523,20130929,3294181,0,2016/2/21 02:18:07,807
2013/10/11 02:55:29,23:55:50.28,1:04:41.1,242745,90.0,z,16,20.4286003113,20131010,1574806,0,2016/2/21 02:18:07,807
2013/10/12 02:22:03,23:55:45.48,1:04:20.0,243094,90.0,i,38,20.8761997223,20131011,2258112,0,2016/2/21 02:18:07,807
2013/11/8 02:57:04,23:53:51.10,0:56:22.1,251772,90.0,r,36,21.3835983276,20131107,3818245,0,2016/2/21 02:18:07,807
2013/9/30 03:31:33,23:57:11.64,-0:05:19.7,239651,90.0,r,59,22.5473995209,20130929,3251904,0,2016/2/21 02:18:07,807
2013/10/13 02:05:09,23:55:56.99,-0:09:09.7,243494,90.0,i,16,22.7425003052,20131012,2610039,0,2016/2/21 02:18:07,807
2013/11/8 03:13:45,23:53:51.45,-0:14:20.4,251780,90.0,r,7,21.9631996155,20131107,3791622,0,2016/2/21 02:18:07,807
2013/10/13 02:11:38,0:13:54.55,3:09:26.6,243497,90.0,z,5,22.2437992096,20131012,2620374,0,2016/2/21 02:18:07,807
2013/10/28 01:34:59,0:13:01.72,3:04:11.8,247503,90.0,r,22,23.6714992523,20131027,3788157,0,2016/2/21 02:18:07,807
2013/11/8 03:07:15,0:12:28.30,3:00:50.7,251777,90.0,r,3,23.429599762,20131107,3805074,0,2016/2/21 02:18:07,807
2013/10/11 02:49:18,0:05:11.83,1:21:11.8,242742,90.0,z,44,22.1268997192,20131010,2079320,0,2016/2/21 02:18:07,807
2013/10/13 02:09:40,0:05:05.01,1:20:29.5,243496,90.0,z,32,22.3946990967,20131012,2668303,0,2016/2/21 02:18:07,807
2013/10/28 01:26:57,0:04:16.85,1:15:30.5,247499,90.0,r,52,23.0268993378,20131027,3812143,0,2016/2/21 02:18:07,807
2013/9/30 03:53:07,0:10:59.47,0:51:16.4,239661,90.0,r,24,22.9693984985,20130929,932078,0,2016/2/21 02:18:07,807
2013/10/13 02:09:40,0:09:54.48,0:45:33.7,243496,90.0,z,54,20.5254993439,20131012,2691645,0,2016/2/21 02:18:07,807
2013/10/28 01:43:05,0:08:45.76,0:39:40.8,247507,90.0,r,32,23.0051994324,20131027,3820341,0,2016/2/21 02:18:07,807
2013/9/30 03:48:55,0:12:19.09,1:49:43.2,239659,90.0,r,20,22.6898002625,20130929,3146969,0,2016/2/21 02:18:07,807
2013/9/30 03:51:02,0:12:19.06,1:49:43.4,239660,90.0,i,20,22.559299469,20130929,3231257,0,2016/2/21 02:18:07,807
2013/10/12 03:00:52,0:11:26.23,1:43:54.5,243113,90.0,z,48,22.2975997925,20131011,2055194,0,2016/2/21 02:18:07,807
2013/10/28 01:43:05,0:10:22.09,1:36:47.3,247507,90.0,r,4,23.109500885,20131027,3795776,0,2016/2/21 02:18:07,807
2013/9/30 03:48:55,0:12:16.45,1:29:57.8,239659,90.0,r,33,23.281999588,20130929,3156826,0,2016/2/21 02:18:07,807
2013/9/30 03:51:02,0:12:16.43,1:29:58.0,239660,90.0,i,33,22.1336994171,20130929,3265471,0,2016/2/21 02:18:07,807
2013/10/12 02:54:49,0:11:30.28,1:24:57.8,243110,90.0,i,58,22.3968009949,20131011,2529051,0,2016/2/21 02:18:07,807
2013/10/12 03:00:52,0:11:30.25,1:24:57.8,243113,90.0,z,58,21.9558982849,20131011,2080075,0,2016/2/21 02:18:07,807
2013/10/28 01:43:05,0:10:34.07,1:18:51.5,247507,90.0,r,9,22.8138008118,20131027,3801939,0,2016/2/21 02:18:07,807
2013/9/30 03:35:49,0:09:25.21,1:52:43.3,239653,90.0,r,59,23.0018005371,20130929,3240794,0,2016/2/21 02:18:07,807
2013/9/30 03:37:56,0:09:25.21,1:52:43.4,239654,90.0,i,59,22.4301986694,20130929,3424911,0,2016/2/21 02:18:07,807
2013/10/12 02:54:49,0:08:37.20,1:47:21.7,243110,90.0,i,39,22.3778991699,20131011,2507278,0,2016/2/21 02:18:07,807
2013/10/12 03:00:52,0:08:37.19,1:47:21.4,243113,90.0,z,39,21.9231987,20131011,2036824,0,2016/2/21 02:18:07,807
2013/10/13 02:46:38,0:08:33.33,1:46:55.4,243514,90.0,i,16,22.4925003052,20131012,3664476,0,2016/2/21 02:18:07,807
2013/10/13 01:56:29,23:54:35.56,1:55:20.6,243490,90.0,i,9,22.513999939,20131012,3437543,0,2016/2/21 02:18:07,807
2013/10/28 00:50:05,23:53:51.54,1:50:22.1,247481,90.0,r,29,22.7277984619,20131027,2618482,0,2016/2/21 02:18:07,807
2013/10/28 00:54:07,23:53:51.54,1:50:22.2,247483,90.0,i,29,22.2458992004,20131027,2615209,0,2016/2/21 02:18:07,807
2013/11/8 02:57:04,23:53:24.69,1:47:12.8,251772,90.0,r,6,23.0531005859,20131107,3791758,0,2016/2/21 02:18:07,807
2013/9/30 03:31:33,23:55:19.89,1:13:58.8,239651,90.0,r,10,22.0237007141,20130929,3135375,0,2016/2/21 02:18:07,807
2013/9/30 03:33:40,23:55:19.89,1:13:58.6,239652,90.0,i,10,21.8665008545,20130929,3288856,0,2016/2/21 02:18:07,807
2013/10/11 02:55:29,23:54:24.47,1:05:05.9,242745,90.0,z,15,21.5013999939,20131010,1573780,0,2016/2/21 02:18:07,807
2013/10/12 02:22:03,23:54:19.73,1:04:19.4,243094,90.0,i,37,21.9659996033,20131011,2253861,0,2016/2/21 02:18:07,807
2013/10/11 02:49:18,0:05:54.47,1:32:04.5,242742,90.0,z,38,22.0266990662,20131010,2070063,0,2016/2/21 02:18:07,807
2013/10/13 02:09:40,0:05:46.00,1:31:02.7,243496,90.0,z,26,22.423500061,20131012,2662327,0,2016/2/21 02:18:07,807
2013/10/13 02:46:38,0:05:45.90,1:31:01.9,243514,90.0,i,26,22.5347995758,20131012,3679142,0,2016/2/21 02:18:07,807
2013/10/28 01:26:57,0:04:46.45,1:23:42.2,247499,90.0,r,47,23.5933990479,20131027,3808619,0,2016/2/21 02:18:07,807
2013/9/30 03:35:49,0:05:23.96,2:01:42.1,239653,90.0,r,51,22.8932991028,20130929,3219038,0,2016/2/21 02:18:07,807
2013/10/13 01:18:43,0:04:13.91,1:54:12.0,243472,90.0,z,55,22.4864997864,20131012,3343677,0,2016/2/21 02:18:07,807
2013/10/13 02:34:31,0:04:13.62,1:54:10.5,243508,90.0,i,55,22.6627998352,20131012,3764052,0,2016/2/21 02:18:07,807
2013/10/28 01:26:57,0:03:01.12,1:46:15.5,247499,90.0,r,33,23.3601989746,20131027,3797513,0,2016/2/21 02:18:07,807
2013/11/8 03:05:12,0:02:17.10,1:41:20.5,251776,90.0,r,50,22.9417991638,20131107,3794468,0,2016/2/21 02:18:07,807
2013/9/30 03:53:07,0:06:19.69,-0:11:00.6,239661,90.0,r,56,22.2000007629,20130929,991103,0,2016/2/21 02:18:07,807
2013/10/13 02:19:40,0:05:31.15,-0:17:03.7,243501,90.0,z,13,21.2477989197,20131012,3497028,0,2016/2/21 02:18:07,807
2013/11/8 03:21:51,0:04:09.14,-0:27:23.3,251784,90.0,r,15,22.6468009949,20131107,3799597,0,2016/2/21 02:18:07,807
2013/9/30 03:10:13,0:01:45.22,2:01:30.3,239641,90.0,r,16,22.1440010071,20130929,3102516,0,2016/2/21 02:18:07,807
2013/9/30 03:12:19,0:01:45.22,2:01:30.4,239642,90.0,i,16,21.6961994171,20130929,3110334,0,2016/2/21 02:18:07,807
2013/10/11 02:49:18,0:00:48.39,1:53:50.1,242742,90.0,z,21,21.2441997528,20131010,2034775,0,2016/2/21 02:18:07,807
2013/10/13 01:18:43,0:00:38.75,1:52:30.6,243472,90.0,z,52,21.3509998322,20131012,3333256,0,2016/2/21 02:18:07,807
2013/10/13 02:34:31,0:00:38.49,1:52:28.6,243508,90.0,i,52,21.6426010132,20131012,3760102,0,2016/2/21 02:18:07,807
2013/10/12 02:56:49,23:55:41.80,2:10:18.9,243111,90.0,i,26,21.7650985718,20131011,2405993,0,2016/2/21 02:18:07,807
2013/10/13 01:56:29,23:55:37.11,2:09:46.5,243490,90.0,i,6,21.5905990601,20131012,3429676,0,2016/2/21 02:18:07,807
2013/10/28 00:50:05,23:54:29.86,2:01:48.3,247481,90.0,r,23,22.5422992706,20131027,2614213,0,2016/2/21 02:18:07,807
2013/10/28 00:54:07,23:54:29.85,2:01:48.4,247483,90.0,i,23,22.2277984619,20131027,2612474,0,2016/2/21 02:18:07,807
2013/11/8 02:57:04,23:53:49.54,1:56:46.2,251772,90.0,r,3,22.3745994568,20131107,3792017,0,2016/2/21 02:18:07,807
2013/9/30 03:12:19,0:03:59.80,0:50:11.5,239642,90.0,i,59,23.0071983337,20130929,3132595,0,2016/2/21 02:18:07,807
2013/10/11 02:49:18,0:03:12.45,0:45:00.6,242742,90.0,z,62,22.4478988647,20131010,2106735,0,2016/2/21 02:18:07,807
2013/10/13 02:36:31,0:03:04.15,0:44:06.0,243509,90.0,i,16,22.5756988525,20131012,3499508,0,2016/2/21 02:18:07,807
2013/9/30 03:33:40,23:55:30.74,-0:07:56.5,239652,90.0,i,58,22.3149986267,20130929,3464429,0,2016/2/21 02:18:07,807
2013/10/13 02:05:09,23:53:49.44,-0:15:31.9,243494,90.0,i,14,22.2059993744,20131012,2605936,0,2016/2/21 02:18:07,807
2013/10/28 01:22:51,23:52:02.21,-0:23:17.4,247497,90.0,r,41,23.356300354,20131027,3808787,0,2016/2/21 02:18:07,807
2013/9/30 03:12:19,0:01:34.90,0:54:59.8,239642,90.0,i,57,22.9640007019,20130929,3124862,0,2016/2/21 02:18:07,807
2013/10/11 02:49:18,0:00:52.61,0:50:09.9,242742,90.0,z,57,21.861000061,20131010,2098947,0,2016/2/21 02:18:07,807
2013/10/13 01:35:10,0:00:45.35,0:49:20.1,243480,90.0,z,15,22.4762992859,20131012,3226905,0,2016/2/21 02:18:07,807
2013/9/30 03:37:56,0:11:02.75,2:22:47.8,239654,90.0,i,44,22.8759994507,20130929,3382653,0,2016/2/21 02:18:07,807
2013/10/28 01:26:57,0:09:24.44,2:07:51.2,247499,90.0,r,24,23.285900116,20131027,3788661,0,2016/2/21 02:18:07,807
2013/11/8 03:07:15,0:08:52.70,2:02:38.7,251777,90.0,r,33,23.5058994293,20131107,3824993,0,2016/2/21 02:18:07,807
2013/9/30 03:33:40,23:57:41.96,1:12:15.8,239652,90.0,i,12,23.9689998627,20130929,3299171,0,2016/2/21 02:18:07,807
2013/10/13 01:56:29,23:56:50.19,1:05:45.9,243490,90.0,i,43,22.8334999084,20131012,3528062,0,2016/2/21 02:18:07,807
2013/10/28 01:45:05,23:55:56.87,0:58:51.3,247508,90.0,i,19,23.2766990662,20131027,3651570,0,2016/2/21 02:18:07,807
2013/9/30 03:33:40,23:53:01.77,1:03:31.5,239652,90.0,i,14,20.7849998474,20130929,3311323,0,2016/2/21 02:18:07,807
2013/10/12 02:22:03,23:52:25.04,0:57:51.8,243094,90.0,i,35,23.2395000458,20131011,2250451,0,2016/2/21 02:18:07,807
2013/10/28 00:50:05,23:51:41.44,0:50:47.0,247481,90.0,r,60,23.0411987305,20131027,2647561,0,2016/2/21 02:18:07,807
2013/9/30 03:48:55,0:14:22.45,2:06:34.3,239659,90.0,r,15,22.8201999664,20130929,3142654,0,2016/2/21 02:18:07,807
2013/10/12 02:54:49,0:13:40.10,2:02:02.5,243110,90.0,i,37,22.9021987915,20131011,2502498,0,2016/2/21 02:18:07,807
2013/10/13 02:11:38,0:13:36.75,2:01:41.2,243497,90.0,z,47,22.342300415,20131012,2670144,0,2016/2/21 02:18:07,807
