id,linkrun,chisq,ndof,a,e,i,aop,node,peri_jd,peri_date,epoch_jd,mean_anomaly,period,period_err,a_err,e_err,i_err,aop_err,node_err,peri_err,lat0,lon0,xBary,yBary,zBary,abg_a,abg_b,abg_g,abg_adot,abg_bdot,abg_gdot,abg_a_err,abg_b_err,abg_g_err,abg_adot_err,abg_bdot_err,abg_gdot_err
adaf0cb6-4654-485d-b48e-fc522ffe4c0c,wsdiff_S82_lon_gt_minus2,1.79,5,59.054,0.1588,1.6938,80.01,232.877,2440594.03,25574.03480248945,2456565.65,34.711521959675274,453.806,275.962,23.94,0.7471,0.2099,354.78,9.377,109062.02,0.0241,-0.0046,-0.1233,0.024,-0.9937,1.491915551459221e-05,1.7375531017934766e-07,0.01962897552997776,0.018029591802859603,-0.0003205029158088146,0.0018446559924812555,3.8250920075854467e-06,5.0039962245459518e-07,0.00076365293393350819,0.0046704348479649207,3.4665091902910101e-05,0.01909562008706684
c27a9635-c894-4e3b-bb02-99ed64eb28bb,wsdiff_S82_lon_gt_minus2,2.46,7,62.092,0.5404,4.6758,103.65,202.657,2448535.96,33515.95675588073,2456565.65,16.185862701672082,489.281,315.769,26.72,0.3227,0.2299,33.06,0.981,2309.95,0.0277,0.0583,-0.0607,0.0278,-0.9994,1.8971620606463757e-05,-1.3813798651495002e-06,0.030319612835162844,0.037108362722256275,-0.002872016648470124,0.012970501907403224,1.1573423034598092e-06,4.5746676373602069e-07,0.0002997254746343451,0.0019058186304664812,2.2792240173030242e-05,0.013077762896628757
33425c7e-fcdc-4eed-958f-a78b84a35955,wsdiff_S82_lon_gt_minus2,1.77,3,53.19,0.0377,7.8244,65.02,1.63,2479715.46,64695.456400697585,2456565.66,301.14386433555438,387.927,298.654,27.3,4.496,2.7177,3927.67,0.822,1322034.24,0.0057,0.0685,-0.0506,0.0059,-1.0003,1.3672610110313543e-05,1.2169891089178206e-06,0.01952757342345083,0.016978318195081513,0.0023313290425672974,-0.000580696214847619,4.977777597100392e-06,5.0188529261445488e-07,0.0010073200394421992,0.0060973405692939572,2.3776290787848232e-05,0.0868991052144968
93779691-b075-4563-8972-d2cbfab04b5a,wsdiff_S82_lon_gt_minus2,2.85,9,48.286,0.0981,18.7796,250.64,186.237,2478958.75,63938.749630369246,2456565.63,294.17734152946696,335.532,145.13,13.92,0.9007,1.5756,52.9,0.507,7616.34,0.0339,0.0087,-0.1098,0.0339,-0.995,1.396753931448368e-05,-4.648535443177144e-06,0.021853297864587222,0.019246575822263298,-0.006508011286009652,-0.001946300832381976,1.3311026927655347e-06,4.7187334303150238e-07,0.00026263437300670851,0.0016645592436737718,3.1173248646777207e-05,0.017737050846832469
dd429e11-a543-4e27-b609-1791e68631bb,wsdiff_S82_lon_gt_minus2,2.21,5,68.725,0.3933,2.6111,45.05,304.258,2453822.43,38802.426971025765,2456577.62,4.7695108837892235,569.736,180.595,14.52,0.1536,0.0216,102.25,0.716,23333.9,0.0391,0.0126,-0.3067,0.0372,-0.9487,1.819954737885671e-05,3.719139289721799e-07,0.024390076457847427,0.02786445778809524,0.0007000093062545348,0.0014232233060722768,1.8062346622445656e-06,3.6707422373617411e-07,0.00041814957610859717,0.0022364111598241082,5.6752678327896289e-05,0.014064749525750982
2ec1cf1f-f437-4b01-a5e5-a6f3bb6e8bb7,wsdiff_S82_lon_gt_minus2,0.84,1,44.84,0.4086,12.6852,284.98,188.926,2476626.97,61606.97411730699,2456565.63,294.1042230083533,300.26,234.408,23.34,0.5991,3.8895,53.52,2.645,14968.61,0.0332,0.0086,-0.11,0.0331,-0.995,1.3271295762741406e-05,-3.029829160924604e-06,0.02292398065342566,0.019249672139043987,-0.00428193447830317,-0.008888634663136417,4.2965676951069768e-06,7.0777655804817162e-07,0.00099167771341549817,0.0060242492330100138,5.3678762673221625e-05,0.014272351652777068
845c87d1-879e-4a26-af79-aafbf6d5bd9e,wsdiff_S82_lon_gt_minus2,1.94,3,60.307,0.6026,34.2422,303.84,181.345,2482305.71,67285.71259188885,2456565.65,305.79280546275874,468.325,361.712,31.05,0.7394,34.7643,64.8,2.376,16313.41,0.0219,-0.0103,-0.129,0.0218,-0.9931,8.933489721540146e-06,-5.378404847668267e-06,0.017092584045370535,0.009237516212187004,-0.006291891528762426,-0.008472777268536298,1.1135263296754126e-05,5.0360384847971046e-07,0.0019824337453865815,0.012000329112474598,6.9077216795966287e-05,0.0096549155516527964
9eb058ac-3b5a-40b1-85e7-4f35c5b5b03b,wsdiff_S82_lon_gt_minus2,1.39,7,50.515,0.0843,2.98,318.04,345.187,2438756.16,23736.15977095673,2456576.62,48.953176622649387,359.032,97.855,9.18,1.5719,0.4909,907.89,2.475,248627.31,0.0135,-0.0071,-0.3091,0.013,-0.9489,1.4725455802695265e-05,3.7791492691467737e-07,0.021281014802826227,0.01974903747637637,0.000994963897309998,0.001204906841125238,3.0333800898948934e-06,3.4590884391076963e-07,0.00062181425317743956,0.0035826097578845056,3.0675169514341807e-05,0.038633496541207957
de3d0258-2864-43d4-a6ed-3adbce048cb7,wsdiff_S82_lon_gt_minus2,0.62,3,37.541,0.2185,14.9474,241.06,18.123,2439067.72,24047.71753442008,2456569.73,75.044314711552659,230.02,57.497,6.26,0.4837,0.637,8.48,0.835,10472.62,-0.0851,-0.0053,-0.1931,-0.0833,-0.978,1.5266948298328798e-05,3.5983416930241115e-06,0.027614832791846664,0.027096006155119458,0.006844189938782451,0.006087920086466175,8.4394725643407737e-07,4.9237407172332284e-07,0.00018114253527862445,0.0011301118127893383,6.589951992481868e-05,0.014103594406700849
af2ac6a1-298c-4e13-b241-e0afe7a73e0b,wsdiff_S82_lon_gt_minus2,3.55,7,44.69,0.2556,11.7918,82.37,184.535,2437580.96,22560.957678887993,2456565.65,62.674136211879826,298.751,198.258,19.77,1.2584,3.7258,95.82,1.862,16220.6,0.0212,-0.0237,-0.1423,0.0212,-0.9913,1.5570730629525076e-05,-3.5456407171520413e-06,0.02432083324765457,0.022999567250317807,-0.004773775346524026,0.00596503758233343,4.813887281157951e-06,5.0270744434443258e-07,0.0011923376230667875,0.0073033310801661217,4.9540484213281359e-05,0.030314603105465125
153fc1c9-48cf-4280-939b-03a9d3efe749,wsdiff_S82_lon_gt_minus2,1.03,5,48.485,0.5328,29.3023,60.68,183.735,2438151.02,23131.02357029263,2456565.63,53.794793516484638,337.611,250.674,24.0,0.381,1.7706,14.04,0.14,8555.32,0.0193,0.0297,-0.0889,0.0193,-0.9975,1.1405135281238214e-05,-6.272040487731846e-06,0.02229147354790134,0.015730180102638016,-0.008813391832994594,0.011244553307968969,9.9916443510460704e-07,4.6736599020032837e-07,0.00017548398182990203,0.0011048361009445059,1.741734804454359e-05,0.0097774225396836355
c531e5d3-519c-442b-a1a3-04935d60fbea,wsdiff_S82_lon_gt_minus2,1.44,7,40.011,0.0726,10.2011,303.78,351.515,2441851.43,26831.42892708257,2456576.62,57.38362076230208,253.086,35.854,3.78,1.9058,1.3192,893.58,1.102,167537.5,0.0269,-0.0099,-0.3117,0.0256,-0.9478,1.5952211061177293e-05,2.614369846489366e-06,0.02655735078509225,0.026877466600994375,0.0047858128004918885,0.0015237182298724796,1.5662311588947792e-06,4.2856829137863715e-07,0.00050487160905664729,0.0031303538061670196,3.7003189581071807e-05,0.058551931537786886
30c6603a-b4a3-44f7-9be6-336325f3b2ce,wsdiff_S82_lon_gt_minus2,0.64,5,39.395,0.3701,5.7735,124.84,342.099,2472743.22,57723.22276344523,2456565.65,295.47119020295838,247.26,194.338,20.64,0.705,1.6081,57.7,4.911,13118.64,0.0305,-0.0173,-0.136,0.0304,-0.9919,1.4779075599280285e-05,1.4388467725521828e-06,0.026807771895936715,0.025507635069646775,0.002478216418947215,-0.010284135435791162,5.1635978849595599e-06,5.0663608571045913e-07,0.0014410498350475533,0.0086728539423141533,7.456361753289633e-05,0.020152277471369814
fad815c6-5830-4f0b-967d-19e21c6ff51b,wsdiff_S82_lon_gt_minus2,1.86,7,39.407,0.1611,4.6592,245.27,184.102,2469147.0,54127.000733445864,2456565.66,309.83897486316505,247.375,164.129,17.43,0.883,0.5362,69.14,0.109,2466.64,0.0014,0.0535,-0.0657,0.0015,-0.9995,1.7056959147400112e-05,-1.4363795949016335e-06,0.028537099338796276,0.03073229935777082,-0.002504695546005815,-0.004325038537598435,2.0725344085449615e-06,5.5984869977158218e-07,0.00053933770687977648,0.0034400229823779308,1.4823256283225882e-05,0.025429869705582815
93f1b8fa-700c-4889-a683-1c17f3da82c2,wsdiff_S82_lon_gt_minus2,0.17,3,65.356,0.1509,6.9305,90.84,336.458,2484956.98,69936.97580629215,2456565.63,307.00311601448101,528.361,313.426,25.85,0.9721,0.3834,106.07,1.309,15970.67,0.0469,-0.0237,-0.142,0.0466,-0.9904,1.3054376966776378e-05,1.506417381676355e-06,0.01680301453788476,0.013862571357140871,0.001560630115569676,-0.0018856988920278371,1.0813339906045994e-06,4.758225305724534e-07,0.00015218340396290096,0.0009433406878281192,2.090329772215849e-05,0.013200418151030485
306d4300-375d-4408-b270-673b19c83e2a,wsdiff_S82_lon_gt_minus2,3.14,7,53.77,0.4336,2.4512,289.39,191.306,2483390.66,68370.65693360288,2456565.66,292.89982973000747,394.286,305.439,27.77,0.4014,0.1642,39.44,0.541,38793.08,0.0061,0.0561,-0.063,0.0062,-0.9996,1.2557713410907774e-05,-9.54637491428449e-07,0.018672262463035542,0.01419830985846388,-0.0006012777144797206,-0.006854764319757117,9.915342897870784e-07,4.4433052554943206e-07,0.00014259743630358812,0.00089671704157550107,1.1696298350184386e-05,0.0084704362474375596
cdd96ca6-7bae-484a-8158-83b48a488766,wsdiff_S82_lon_gt_minus2,0.85,3,42.049,0.4507,1.9089,34.09,218.998,2441231.89,26211.892962350976,2456565.63,55.463545558672386,272.669,204.557,21.03,0.5415,0.1169,11.56,2.68,9182.99,0.0208,0.0242,-0.0944,0.0208,-0.997,1.4732243378711917e-05,-5.16199786464861e-07,0.026263048207256744,0.024483518808689743,-0.00065197417269208,0.012137509293786299,1.4816658974382847e-06,6.2767021581818533e-07,0.00031313176189391712,0.0019722580220752398,2.0202291681316376e-05,0.015825768880983589
30753426-76e6-4260-9716-4cac1f63a8ac,wsdiff_S82_lon_gt_minus2,0.93,3,60.019,0.0696,3.4626,109.98,328.36,2489203.23,74183.2250464703,2456565.63,290.77209224844808,464.977,348.14,29.96,3.3402,0.7498,1017.5,8.048,311205.57,0.0335,0.0226,-0.096,0.0335,-0.9965,1.3049419953958867e-05,6.738737698629591e-07,0.017299928519799054,0.014276093401300621,0.0007252338496738322,-0.0009773746139044367,5.1642252337966184e-06,7.0769399476611826e-07,0.00092438089958898927,0.0055587155268702415,4.9179550502188029e-05,0.049512623453341509
412039a8-6de1-4af7-a355-3384e568a0a3,wsdiff_S82_lon_gt_minus2,0.84,5,47.748,0.4182,35.9365,283.27,185.175,2475609.35,60589.35178916529,2456565.65,303.07414013367583,329.941,229.001,22.09,0.3972,2.0588,24.25,0.157,10429.57,0.0268,0.0526,-0.0663,0.0269,-0.9991,1.137887142926661e-05,-8.181223741422211e-06,0.023001997759546658,0.016518494061168235,-0.011964859784599218,-0.00930111073531688,1.2068529143189065e-06,5.8996651511131352e-07,0.00019319462505082988,0.0012185597898460192,2.4020553214847373e-05,0.0096986209293762528
482e8235-0880-4c01-a071-6f0d1f5e410d,wsdiff_S82_lon_gt_minus2,4.15,7,50.885,0.3736,25.7882,107.93,183.373,2443607.22,28587.217833677307,2456565.66,35.210173609576245,362.977,203.429,19.01,0.5199,1.7669,42.43,0.02,962.17,0.0021,0.053,-0.0661,0.0022,-0.9995,1.5397145873149946e-05,-7.402700492145692e-06,0.026172889082868845,0.025020721433505713,-0.012082189360801382,0.008783288271444464,1.314884495200705e-06,4.5703288273608607e-07,0.00030188029807192497,0.0019191114719316824,1.7592862480795045e-05,0.014677601801007436
14050e49-ce08-4ae8-bae2-3c2602dbfac1,wsdiff_S82_lon_gt_minus2,4.11,9,51.814,0.1849,0.8064,343.31,314.589,2438662.67,23642.66829557577,2456565.66,47.34242082772483,372.967,113.614,10.52,0.9708,0.0428,209.46,3.453,35637.72,0.0108,0.0576,-0.0615,0.0109,-0.9997,1.5365552638665498e-05,9.705133965409079e-08,0.02198954337520793,0.021047073355481748,0.00019465129921285794,0.0032597475314197623,1.9341693923898554e-06,4.4100730844874649e-07,0.00039891086321266724,0.0025414445182678682,1.4204172730160365e-05,0.022884830398260326
1e258b9c-1d86-4c55-863a-07bd17d234be,wsdiff_S82_lon_gt_minus2,2.34,5,44.802,0.3808,0.3961,222.96,245.683,2476196.75,61176.75279345224,2456565.65,295.43523218284503,299.878,234.204,23.33,0.6145,0.0396,61.51,12.786,15153.66,0.0065,-0.0083,-0.127,0.0065,-0.9935,1.4064730424227862e-05,-3.115515441320507e-08,0.02340907933086315,0.02081373598310357,-5.694397618691966e-05,-0.008625079382498279,3.9147607580654845e-06,7.0765173391034554e-07,0.00092229863879408739,0.0055806747675054141,2.6184635538087908e-05,0.014806002309458008
1f616a22-7a96-4e5f-8302-281bb9a61a1f,wsdiff_S82_lon_gt_minus2,0.82,5,37.273,0.1781,2.4322,261.72,210.608,2477014.88,61994.879977343604,2456565.65,271.3686016519593,227.554,65.272,7.13,0.366,0.0876,60.91,1.047,18766.82,0.0198,0.0618,-0.0572,0.0199,-0.9998,1.589228647528558e-05,-7.428277062120864e-07,0.026825097046906263,0.026443546970171837,-0.0009977797549080142,-0.00477513463824774,7.3492915207402785e-07,4.6064106263177876e-07,0.00016083044863906502,0.0010559345390294681,1.2569506600494732e-05,0.01130204025012879
526a7137-a96c-4793-8b7f-d85f2ae53fbb,wsdiff_S82_lon_gt_minus2,1.46,5,38.344,0.2226,46.9236,246.47,184.637,2467605.71,52585.711897436995,2456565.65,314.14150402776363,237.436,74.842,8.06,0.3707,2.3955,25.02,0.085,437.23,0.0193,0.0617,-0.0572,0.0194,-0.9998,1.208898805482852e-05,-1.3023385083583067e-05,0.030644493271237173,0.023613479274880608,-0.025253011623312,-0.006639605485690075,1.1566837501675304e-06,4.935620543138774e-07,0.00030424494473900806,0.0019368431932715252,3.4427409738900416e-05,0.012072130010488303
04574171-ff3f-4806-b45a-8316af82ef47,wsdiff_S82_lon_gt_minus2,0.38,3,39.314,0.1432,18.7292,92.6,356.266,2474342.1,59322.09829987772,2456565.63,288.87506252656004,246.501,187.461,19.93,1.2345,2.0964,42.74,0.591,31419.6,0.03,0.0185,-0.1002,0.03,-0.9962,1.5274606184304856e-05,5.19168929280235e-06,0.026837624381114172,0.025920204297099455,0.008760585439911282,-0.003950421687750292,1.9403069780260166e-06,5.5792854226071957e-07,0.00047033239356120409,0.0030277669954537636,1.9243749834955993e-05,0.03319170531750143
303428d6-73dc-4e43-8631-381535b48509,wsdiff_S82_lon_gt_minus2,4.39,9,42.124,0.2356,14.0504,262.16,182.164,2472752.43,57732.42978236638,2456565.65,301.60793135237139,273.402,179.776,18.47,0.6918,1.0163,10.99,0.178,12373.69,0.0105,-0.0064,-0.1251,0.0106,-0.9937,1.5617867283461014e-05,-3.8558463586865315e-06,0.026366344781791378,0.02604345605307042,-0.006514280489453098,-0.00624918083933169,1.3794295429588657e-06,5.665087062241169e-07,0.0002941839591884536,0.0018610774949460915,2.1566633201033659e-05,0.017785879690829526
53823fcd-8dd3-4d23-9b1c-daac792c3d59,wsdiff_S82_lon_gt_minus2,1.94,7,36.201,0.1721,4.3885,322.37,178.426,2483709.43,68689.43149084505,2456565.66,237.09234512271746,217.814,55.078,6.1,0.271,0.2228,132.46,0.243,31507.86,-0.0066,0.0544,-0.0647,-0.0065,-0.9995,1.4196230467474475e-05,-1.0332198987225344e-06,0.025482812073806208,0.02352350033756733,-0.0018000975889955724,-0.0031774669405812426,8.0837842651670487e-07,4.3669222203361354e-07,0.00017944946208394371,0.0011723390762257246,7.7982147333351787e-06,0.01280426708813137
9b0a9e6d-7932-4a4c-bef2-2a46f1bbada3,wsdiff_S82_lon_gt_minus2,7.93,7,67.461,0.1935,2.0248,68.73,256.447,2443409.98,28389.979375367053,2456577.6,23.438223198796294,554.086,120.588,9.79,0.4835,0.0134,240.96,1.579,84332.05,0.035,-0.0085,-0.3262,0.0331,-0.9423,1.327329350085078e-05,4.456865219791614e-07,0.01815613923449822,0.016428429659832586,-0.00013201111387379404,0.001462626502871925,6.7276408236496837e-07,3.6059635758015262e-07,0.00010172801177645802,0.00059524309332914256,1.7219230932361506e-05,0.013438356352759409
a6881eb4-83fd-45bf-a60f-49393c5b1075,wsdiff_S82_lon_gt_minus2,3.31,9,50.469,0.1711,0.7492,135.56,257.199,2464686.53,49666.53345032595,2456565.63,337.66118343101937,358.541,167.526,15.72,0.5744,0.008,223.06,2.415,53230.17,0.013,0.0186,-0.1,0.013,-0.9966,1.584049438878016e-05,5.086032788072744e-07,0.023945312373758295,0.024639897908374214,-7.662138449277345e-05,-0.00198434339596378,1.3988213657367414e-06,4.3870217539255878e-07,0.00030296589609733532,0.001923105956779345,1.3587389216748595e-05,0.018686466732885772
604d4883-5c64-41d2-ad07-356d29ae329c,wsdiff_S82_lon_gt_minus2,2.98,5,61.159,0.2381,3.41,70.1,234.055,2438895.81,23875.805228817277,2456578.55,36.463312816379201,478.287,204.406,17.42,0.6707,0.0709,122.02,1.557,25117.01,0.0482,0.0186,-0.3161,0.0457,-0.9449,1.5048308682166405e-05,-3.3405446849070356e-07,0.01993652978805546,0.018637958757582205,-0.0006699153595350491,0.003186899716496782,7.8078166570077406e-07,4.8293009945311751e-07,0.00011202597957128268,0.00066833781579904016,2.36871282885231e-05,0.013957521393521381
ef5bbf15-13d6-4659-942c-006b7c0d20ae,wsdiff_S82_lon_gt_minus2,0.64,1,40.038,0.151,4.2356,2.09,349.447,2454222.56,39202.56330914935,2456576.62,9.1642441788197484,253.347,47.244,4.98,0.1099,0.3946,421.52,1.379,78440.01,0.0192,0.0634,-0.2414,0.0187,-0.9683,1.8191785030066393e-05,1.6848914620963846e-06,0.03018367759896012,0.0347277380836655,0.002492357191927374,0.0007496625844578675,2.1485712127692332e-06,5.2973752835058658e-07,0.00058425427486746492,0.0034645058445939496,3.4853186443705743e-05,0.033411634828273425
50e5078f-96c0-4dbc-a179-c2d8cbd16281,wsdiff_S82_lon_gt_minus2,0.92,3,68.913,0.3889,3.2853,136.26,205.541,2452049.06,37029.05753541831,2456576.62,7.8055550760140742,572.078,101.034,8.11,0.1684,0.0949,97.51,0.76,22466.47,0.0245,0.0087,-0.294,0.0235,-0.9535,1.775422766455146e-05,-1.0769874971105436e-06,0.023916603426551823,0.026870430218684824,-0.0013974495804192223,0.002311453637860941,9.1612505668047043e-07,6.6398655327275524e-07,0.00011819314426583246,0.00071872594357915744,1.8114265163346649e-05,0.013505357106889531
2d0b877d-c96e-49dc-9bf6-1241df3ef060,wsdiff_S82_lon_gt_minus2,1.24,7,43.094,0.0845,1.3326,124.29,317.079,2477243.78,62223.78113753209,2456565.65,287.90930157280707,282.896,203.685,20.69,1.5737,0.0968,14.56,3.814,36421.43,0.0162,-0.0066,-0.1254,0.0162,-0.9936,1.5368149403356836e-05,2.660542957554085e-07,0.0242313352586103,0.023570126901582288,0.00040479914948742245,-0.0020175163133335995,2.3757948203573662e-06,5.8315602165999696e-07,0.00054279431970540438,0.0034425841739659634,2.5978950629188768e-05,0.036087595324881552
cf10051e-c5f9-4ace-8b62-34fc4c652fc6,wsdiff_S82_lon_gt_minus2,4.74,5,43.584,0.3787,1.3228,184.92,276.279,2472111.71,57091.70539330365,2456577.62,306.75364525411936,287.734,220.778,22.29,0.5148,0.0008,18.74,1.152,9624.04,0.0237,0.0716,-0.2501,0.023,-0.9656,1.639848109428137e-05,5.804080200906574e-07,0.026246643513936328,0.025743922904525655,2.867592875926368e-05,-0.0103225173435018,7.4715931133751628e-07,4.1318449114688524e-07,0.00016042316608382267,0.00098688450995879063,1.67026897919671e-05,0.013965027827386577
3f99209d-d217-4611-a965-56a97877db9d,wsdiff_S82_lon_gt_minus2,3.07,3,55.364,0.2132,2.5348,57.76,22.549,2478934.81,63914.81248737546,2456565.66,306.44402048649084,411.942,273.067,24.47,0.7866,0.162,22.57,1.223,10333.54,-0.0143,0.07,-0.0491,-0.0142,-1.0003,1.4358742389599623e-05,3.644359798713109e-07,0.020284909910336702,0.018412915964331256,0.0007718837314210896,-0.0036526270484877163,1.2157233964143184e-06,5.5712858776070342e-07,0.00018015942094323355,0.001156480846350797,1.2935036151253011e-05,0.013632472560513531
c6fb1631-2f28-43aa-bd8b-f202b709f8f8,wsdiff_S82_lon_gt_minus2,3.84,9,55.135,0.2682,3.1032,139.91,185.299,2448407.87,33387.87256001402,2456565.65,19.652833749112816,409.394,77.155,6.93,0.3664,0.2124,159.17,0.387,34146.58,0.0054,-0.0087,-0.1274,0.0055,-0.9935,1.7448261782913065e-05,-1.259708144194157e-06,0.02444470622019127,0.026208594706498455,-0.0014134998405268848,0.0031805015727804442,1.2496228509910289e-06,4.3965051962403281e-07,0.00026784326179474856,0.0016938056352229401,1.2638411856846106e-05,0.017793805687036163
afbe1c48-0518-402f-9a3b-d1ca041c91bb,wsdiff_S82_lon_gt_minus2,5.42,7,54.087,0.0938,0.8041,61.96,236.509,2435325.53,20305.526274526026,2456577.62,52.693139019698911,397.78,184.466,16.72,1.6241,0.1078,719.8,11.425,207597.6,0.0119,-0.0005,-0.319,0.0113,-0.9453,1.3568210098750725e-05,-1.5806260259184864e-07,0.019843766917109634,0.01780132742346551,-0.00013797829195245724,0.0012983599624530587,3.7623129907586907e-06,3.6827974969222037e-07,0.00077425888324572341,0.0043777049126501634,3.1311030589812596e-05,0.033754989222036742
046aad7f-c6a1-4cda-a2e4-95b1cdc86a68,wsdiff_S82_lon_gt_minus2,0.45,5,39.293,0.1849,31.9564,281.0,356.643,2440878.17,25858.169266810175,2456577.62,62.865227012429614,246.303,147.327,15.67,1.2888,2.6384,80.24,0.383,7403.36,0.0424,-0.0009,-0.3194,0.0402,-0.9444,1.381344173428995e-05,8.878114652339787e-06,0.027607429875837686,0.024467861194322225,0.015196314500464823,0.004983415039800578,1.2274318381004909e-06,4.2122587950276742e-07,0.00035445347637968956,0.0021715771342420624,2.5850624359185658e-05,0.037106770293216094
5437add6-9e4d-4cda-ae88-d7e8fd2a98a1,wsdiff_S82_lon_gt_minus2,4.86,11,44.231,0.2504,2.0421,96.65,190.198,2442587.37,27567.37170968391,2456565.65,46.866374819956171,294.162,67.977,6.81,0.3666,0.0663,38.11,0.355,1859.66,0.0069,-0.0143,-0.133,0.0069,-0.9927,1.661024570358058e-05,-1.5021960047228894e-06,0.026620359543923514,0.027953159183207565,-0.0009786945937492392,0.0061103822964026465,6.5089285018004341e-07,3.9747643804615258e-07,0.00012678623400624899,0.00081939117495449592,8.6263639255913531e-06,0.010503554173515336
a64b1a6f-9304-41d3-a3c1-5718f0b86f0d,wsdiff_S82_lon_gt_minus2,2.09,7,42.487,0.3364,4.2277,176.28,93.18,2441829.66,26809.662424451206,2456569.73,52.493575541087743,276.942,113.85,11.64,0.426,0.0017,8.58,0.506,4825.04,-0.0756,-0.0086,-0.1963,-0.074,-0.9781,1.655078839814031e-05,1.7995676931798603e-07,0.027188281500682976,0.027837563836863245,-0.00011308714900164996,0.009221634416991763,7.7177344369070855e-07,4.6086637624033136e-07,0.00015011248758758138,0.00093675706723391925,4.3414025838883775e-05,0.012040029946926944
fc7f7e6a-8a49-4175-abaf-09226fdef2bb,wsdiff_S82_lon_gt_minus2,1.94,1,70.387,0.5687,63.1789,99.79,179.657,2442551.93,27531.926686470397,2456565.65,23.405109622305833,590.524,519.077,41.25,0.3523,1.2498,7.42,0.009,2621.01,0.0057,-0.0118,-0.1305,0.0057,-0.9931,7.176129207752428e-06,-1.434169185650397e-05,0.02364612597810692,0.010731541753892158,-0.021153945292026285,0.012026033045834402,8.3880450917169799e-07,7.0592792734160931e-07,8.4869095574851192e-05,0.00055020795811564968,1.9652013703766699e-05,0.0077526584824493105
137ef3bd-b31e-439d-bb8c-6a1c144877cd,wsdiff_S82_lon_gt_minus2,0.79,1,101.759,0.4713,123.2158,17.11,0.907,2461208.28,46188.283029729966,2456565.63,355.53931476068328,1026.501,171.891,11.36,0.0805,2.3979,78.35,0.156,25480.94,0.0465,-0.0165,-0.1349,0.0462,-0.9914,-8.899371935517276e-06,1.3639004987516755e-05,0.018754034840930266,-0.01059697334277213,0.016151642954392916,-0.001469966710351762,1.1893475678403378e-06,6.3638528609963632e-07,0.00015382424031697779,0.00094743549135118516,1.7432949466738384e-05,0.0085494103922196876
27b174f5-a717-4c52-99d9-fefcc127c179,wsdiff_S82_lon_gt_minus2,0.04,1,48.105,0.0444,0.0502,310.88,118.372,2476930.35,61910.350622442085,2456565.66,299.80129453200306,333.646,257.997,24.8,2.0134,0.0156,698.03,40.315,172783.61,-0.0008,0.0779,-0.0412,-0.0007,-1.0008,1.4619864048799723e-05,-7.056124733475597e-08,0.02168470185963514,0.02004912041659995,-7.125143423117975e-06,-0.0008087882183775631,3.5066482178228895e-06,6.4648937217926569e-07,0.00073290510299808766,0.0046837812713448907,1.353572166174639e-05,0.040231973844981561
8a4729d8-3d64-470b-bd7f-0b0d9b3b3e93,wsdiff_S82_lon_gt_minus2,1.25,7,50.798,0.285,53.0975,15.3,1.218,2459343.09,44323.09225603286,2456565.63,352.433834666123,362.049,93.808,8.77,0.2228,3.4572,128.25,0.087,24625.27,0.0169,0.0312,-0.0874,0.0169,-0.9977,1.1462265845146184e-05,1.4749631152368842e-05,0.028117255122863286,0.019830451085445223,0.026412548477547437,-0.001835772291673441,1.5033346597634095e-06,4.790188009838527e-07,0.0003845455604405441,0.0024326650334066538,2.1446421403816763e-05,0.017409646358457691
e9dc7347-efe9-4672-a2a7-c5b4e6cceda8,wsdiff_S82_lon_gt_minus2,1.26,3,54.052,0.1029,6.7555,119.24,341.268,2491842.57,76822.56543137692,2456577.62,272.4773727151412,397.391,468.281,42.46,3.0454,0.8601,369.88,2.638,189216.22,0.0409,0.0134,-0.3059,0.0389,-0.9489,1.3444047717367486e-05,1.1752000788371039e-06,0.018714965913630005,0.015715681932035302,0.0017557697253514594,-0.0017219321612088278,2.3898901758690332e-06,4.2142548687885721e-07,0.0004670929290123485,0.0025534518464999886,6.570288738345181e-05,0.049907162627461234
60d82102-4a93-44bc-bd5e-3d55b2b2be81,wsdiff_S82_lon_gt_minus2,1.12,9,41.714,0.1456,41.9203,68.42,358.365,2471002.13,55982.126480282284,2456565.65,307.15171016714771,269.417,49.442,5.1,0.3323,1.0825,41.57,0.022,3747.66,0.0096,-0.0217,-0.1403,0.0097,-0.9917,1.2535029561984826e-05,1.09391765435347e-05,0.026530752918688484,0.020488719874678197,0.01840851713496888,-0.003585471028582835,6.3212742628513058e-07,4.3846953280253262e-07,0.00011329415345293302,0.00073075044479985933,1.4809696770572549e-05,0.0090465842247476162
71a9d8a6-a029-415c-beee-756e1cd843df,wsdiff_S82_lon_gt_minus2,0.38,3,35.761,0.0713,0.8921,142.74,286.358,2469525.28,54505.28460024949,2456565.63,300.23143221280088,213.853,140.507,15.66,1.3724,0.0075,225.18,1.736,24164.35,0.0155,0.0317,-0.0869,0.0156,-0.9977,1.7437088863990662e-05,8.602164120427979e-08,0.029741588245989863,0.032211740302849665,0.00012689669536607552,-0.0021396953451582185,3.0816077535136483e-06,4.8060685316673894e-07,0.00089722442432778424,0.0057025410629141671,3.3598814196360647e-05,0.042854934344963784
4c2b0ea6-675c-4c05-875d-56e9ea0f3d99,wsdiff_S82_lon_gt_minus2,4.86,11,64.85,0.5098,24.039,295.95,358.422,2445339.5,30319.504437061492,2456565.65,21.201321838407004,522.231,289.998,24.01,0.2875,0.5413,19.47,0.023,476.04,0.0075,-0.0145,-0.1332,0.0076,-0.9927,1.5758756831766004e-05,7.458708723579851e-06,0.025962118175336328,0.02617656214826153,0.011656416796864988,0.010806091131343419,6.1292892152325966e-07,4.0636631896135602e-07,9.6337278906423221e-05,0.00061975781008952126,1.0232159403426095e-05,0.0079638747939341243
c81b7c63-4704-47c2-84b8-c7025d8afc3a,wsdiff_S82_lon_gt_minus2,3.88,5,60.994,0.2152,0.3454,204.17,251.05,2490856.8,75836.80455988273,2456565.65,289.00116917599689,476.35,359.018,30.65,0.8943,0.0181,55.2,8.978,48226.32,0.0058,-0.0112,-0.1299,0.0059,-0.9932,1.2752453361039669e-05,1.5549834234399634e-07,0.017106982492720114,0.013792098591290894,-2.5831491032495098e-05,-0.0030492972229816595,1.2296113962672282e-06,5.6608554105980871e-07,0.00014972167481423556,0.00093560694380232922,1.3610224776208849e-05,0.012700231130799282
ce198e98-70d5-407c-9107-5c0feecea692,wsdiff_S82_lon_gt_minus2,3.5,7,53.38,0.3049,3.2227,87.85,190.268,2436209.88,21189.88483946398,2456565.66,51.476649642498721,390.007,237.659,21.69,0.7885,0.2975,39.16,0.655,7593.94,0.0071,0.0547,-0.0644,0.0072,-0.9995,1.4646348132956063e-05,-1.3813448840251721e-06,0.021651128858942055,0.020050711960470688,-0.0011206553999758538,0.005914859505249387,1.5929847596122374e-06,5.5566296690653834e-07,0.00028157827196024159,0.0017869745750233275,1.4573244484517262e-05,0.01601810822334479
af64412a-ee6c-4121-923f-cefa78b65617,wsdiff_S82_lon_gt_minus2,1.6,7,57.576,0.4027,24.2371,81.97,186.388,2435776.4,20756.40374680003,2456577.62,46.959532206552026,436.878,313.02,27.5,0.5365,0.8325,4.08,0.204,9678.48,0.0416,0.0145,-0.3048,0.0396,-0.9492,1.2555710230361325e-05,-5.864199228050021e-06,0.020791891884022612,0.016943367731900343,-0.007570069479398686,0.0074607029487199885,6.1511508153107379e-07,3.6141419395113792e-07,9.8995319752318857e-05,0.00058055553625025597,2.1988771177440601e-05,0.010195108421844843
6aeaf41d-931b-4ff5-9b1d-a88366dab038,wsdiff_S82_lon_gt_minus2,5.21,7,59.5,0.3672,36.7085,91.94,358.362,2479318.87,64298.87023746222,2456565.65,311.10583961752775,458.966,293.872,25.4,0.4646,1.0906,5.84,0.061,10603.82,0.0205,-0.004,-0.1227,0.0205,-0.9939,1.1210491389915433e-05,8.11667365889762e-06,0.019807351383346286,0.013901313716220047,0.010374004910957926,-0.006402863604055671,8.0644734160676413e-07,5.0313729545654131e-07,8.2298934211212895e-05,0.00052725925095770598,9.3916933464398494e-06,0.0079875471706754003
0fe38994-23cb-4121-aa2c-3f72ab17fbf9,wsdiff_S82_lon_gt_minus2,1.99,6,36.713,0.204,56.2741,122.84,182.506,2448004.49,32984.491050574,2456565.63,37.956829589800719,222.452,28.199,3.1,0.2328,1.9939,52.99,0.066,5973.87,0.0232,0.0258,-0.0928,0.0232,-0.9971,1.0759156315275558e-05,-1.5481616757392204e-05,0.032728666792101034,0.021504037297535986,-0.032174751839145664,0.005751586604629795,9.4852997156847958e-07,5.0340702913804901e-07,0.00024730592358871372,0.0015702174327843687,3.8700973443731241e-05,0.010366706788861519
ab025d10-15c1-4362-a5e1-993540f80d5f,wsdiff_S82_lon_gt_minus2,2.92,5,39.779,0.2598,2.4818,237.81,209.471,2471422.11,56402.11266828189,2456565.65,301.59677627959877,250.884,172.401,18.22,0.65,0.1501,20.07,1.975,11753.96,0.0221,-0.0082,-0.1269,0.0221,-0.9933,1.6433904693295664e-05,-4.2446324955484354e-07,0.028014369698664464,0.029191328141379654,-0.001092573182087815,-0.007608917906613381,1.3889408768497809e-06,5.8545398900315817e-07,0.00031777281196931749,0.0020096348039598741,2.4325120760811661e-05,0.018415139780836573
be3fa2b4-4df8-43b1-8eb1-f42b4e1eb4ea,wsdiff_S82_lon_gt_minus2,2.29,9,35.22,0.0698,48.3123,3.08,179.564,2419264.69,4244.692278028,2456565.65,176.00749218514821,209.018,15.92,1.79,0.1229,4.1159,629.21,0.041,132957.32,0.0054,-0.0159,-0.1345,0.0055,-0.9926,1.0462021860439942e-05,-1.1516496659216903e-05,0.027261687903243487,0.017914029997114694,-0.020113345407266878,5.544656169314947e-05,1.5533528228731429e-06,5.2670329382391938e-07,0.0003922900506867315,0.0024830751287083772,3.7315525994648463e-05,0.022389410237265265
c4af49b7-bb92-4c6b-9b00-e208369b07f0,wsdiff_S82_lon_gt_minus2,4.03,7,57.367,0.2306,43.8173,94.96,357.305,2485475.93,70455.92537998036,2456577.6,294.40515910159172,434.508,310.273,27.31,0.8951,1.7744,18.82,0.134,31480.15,0.0374,-0.0148,-0.3321,0.0353,-0.9402,8.959713322453444e-06,9.156121854693843e-06,0.01858782031268242,0.011336192030698139,0.010890964262035972,-0.0037161213307123197,7.1230037038454439e-07,4.1308593001938785e-07,0.00010447094214415301,0.00062237923774593259,1.2879246936265845e-05,0.014174003009004378
2788af3f-8f34-483c-bf20-24f03dad07f8,wsdiff_S82_lon_gt_minus2,1.55,3,39.401,0.2338,0.3026,13.67,75.731,2471630.33,56610.3325747503,2456565.66,299.92449831736792,247.319,184.93,19.64,0.7451,0.0089,27.55,5.316,14465.05,-0.0052,0.0528,-0.0663,-0.0051,-0.9994,1.6533825172839847e-05,-2.752732234941902e-07,0.028019752498101885,0.02929246124857525,4.507718633983592e-05,-0.00678857777081329,1.7744694279564815e-06,6.0936128265571054e-07,0.000436426558367141,0.0027826875461039813,1.4426693885252335e-05,0.020951245760784921
364b474c-ab32-451c-bc57-5fa882fc024a,wsdiff_S82_lon_gt_minus2,0.1,1,42.931,0.3248,24.0471,266.8,169.489,2468605.45,53585.45105058793,2456546.79,317.7195833927866,281.29,115.035,11.7,0.2708,1.6541,9.51,0.793,3450.04,-0.0804,-0.0013,0.2015,-0.0792,-0.984,1.5911494067434545e-05,-6.977200107354497e-06,0.0289249911046621,0.029089705940149313,-0.012721780737042282,-0.009047269601206219,1.4760268522537244e-06,7.1754724488398357e-07,0.00036834178691561465,0.0023479469974016782,1.4470952930548669e-05,0.0072932203025608535
b5226694-e1d4-43f1-bb99-13f71eb388ae,wsdiff_S82_lon_gt_minus2,0.62,3,54.038,0.3021,8.9685,286.94,191.86,2491295.1,76275.09696180513,2456565.65,273.77391660686214,397.241,351.949,31.92,0.7692,0.4823,99.41,0.697,63393.73,0.0349,-0.0146,-0.1332,0.0348,-0.9921,1.211075324721165e-05,-1.8837618379644023e-06,0.01762325196120095,0.013282292996516547,-0.0020427272412647138,-0.004183791309388874,8.1562951905822897e-07,5.0288278423606946e-07,0.00010409456227173233,0.00068642065404636891,1.6866887731035116e-05,0.01450026946326172
dd15383e-6cea-48fe-bb2a-881ec39c82f7,wsdiff_S82_lon_gt_minus2,0.95,3,68.542,0.4596,18.8919,2.93,5.609,2457806.75,42786.7470785561,2456565.66,357.84293364814289,567.457,144.268,11.62,0.1145,0.6188,57.8,0.121,10875.97,-0.021,0.0359,-0.0832,-0.0209,-0.998,1.863244693075863e-05,6.256488663845566e-06,0.027684394178525994,0.032626466263630666,0.011141691116022527,-0.0013210121391273022,9.973855823617669e-07,6.2863638417929396e-07,0.00016757863599087196,0.0010747374494523871,2.6752309259211299e-05,0.011219712739285024
d250dcc4-0146-4397-8940-ab0bfa23ba7d,wsdiff_S82_lon_gt_minus2,0.74,7,62.49,0.1768,13.8817,191.12,181.344,2461263.24,46243.23989992263,2456565.65,350.62093573878178,493.982,96.319,8.12,0.2221,0.5073,211.59,0.092,72196.83,0.0105,-0.0211,-0.1397,0.0105,-0.9918,1.478016964440944e-05,-3.699898036853197e-06,0.019736826142800045,0.018143134259565995,-0.0044794488291315425,-0.0007125190086429649,7.0245117110728906e-07,4.4084690265884146e-07,9.8760556161634443e-05,0.0006370204910255648,1.1316170595644957e-05,0.010945276478614692
7f2647a2-94f5-43fa-8bb2-78ea9b7bad4c,wsdiff_S82_lon_gt_minus2,0.39,1,44.493,0.3366,3.607,116.5,342.113,2474684.81,59664.81123327464,2456565.65,299.78709873716917,296.786,227.494,22.74,0.5599,0.2016,30.05,0.997,14215.22,0.0193,-0.0126,-0.1313,0.0192,-0.9928,1.4949194066447842e-05,1.1244956207014197e-06,0.0245806364668781,0.023223969701575628,0.0014038984054092546,-0.00825067778028816,1.255787804196041e-06,6.2822367426975912e-07,0.00023021940999346408,0.0014391608445027781,1.6966795867545068e-05,0.014030049458024867
4695770e-b4df-4996-8210-500f331db63b,wsdiff_S82_lon_gt_minus2,0.23,3,42.297,0.1204,6.2924,310.0,136.514,2476815.6,61795.60269346181,2456569.73,287.41260653029337,275.087,119.834,12.28,0.8288,0.1651,20.65,1.429,22671.91,-0.0777,-0.0028,-0.1906,-0.0761,-0.9791,1.5710470275913372e-05,-1.242395242130605e-06,0.02476578382872808,0.02421670679549154,-0.001943640508184589,-0.0030048186718736334,1.0630384220925755e-06,4.803738972179481e-07,0.0002298378699492014,0.0014384361913248708,6.2654491396614629e-05,0.019783354103738264
eef59fc8-5bbe-4b3c-89e6-c7dcd842b551,wsdiff_S82_lon_gt_minus2,1.27,5,38.345,0.2182,44.1275,271.29,180.996,2472988.13,57968.12958643818,2456565.65,291.7861438864478,237.444,181.07,19.49,0.8998,8.5128,58.83,0.414,22086.51,0.0239,-0.01,-0.1287,0.0238,-0.993,1.1869610927541485e-05,-1.1480676022335106e-05,0.027795344357524596,0.020489083697472533,-0.019877411087063555,-0.006384114831360735,3.4996745411824344e-06,5.0391007085554812e-07,0.0009847515621726863,0.0060242538137522421,5.0378291789355723e-05,0.026067997619216073
356b2c4e-36ec-4484-9187-dc80157cfaab,wsdiff_S82_lon_gt_minus2,1.72,11,38.487,0.0338,1.8264,191.4,285.208,2483600.06,68580.06336777937,2456565.63,248.32808479810922,238.764,53.355,5.73,0.6645,0.0047,742.41,0.581,183233.21,0.0318,0.0217,-0.0969,0.0318,-0.9964,1.575373218622332e-05,2.5101658310459795e-07,0.02631042439008703,0.026292848395008624,0.00020298656908434532,-0.0008812231833270862,1.2422761663388626e-06,5.0234445719751988e-07,0.00029532719116686517,0.0018990584484768337,3.1000562531189308e-05,0.020988958972186233
684d6af0-af80-4e9a-973f-07568c68be76,wsdiff_S82_lon_gt_minus2,0.11,1,55.755,0.1254,0.5361,110.57,211.677,2444383.05,29363.048114869278,2456565.65,28.860885825613746,416.318,37.069,3.31,0.6546,0.0423,498.03,2.881,155045.97,0.0051,-0.0182,-0.1369,0.0052,-0.9922,1.4765675267509196e-05,-2.2850644262217806e-07,0.02045676916005914,0.019106293789185057,-0.00015050453733568035,0.001253046989018044,1.3624018833086709e-06,6.0988594583615792e-07,0.0002220437796134275,0.0014163945968155094,1.0477104856631953e-05,0.02208632035005267
c6a04456-16d5-4601-8163-cf15b5f8ad98,wsdiff_S82_lon_gt_minus2,3.21,7,52.727,0.459,3.5212,44.5,212.228,2437724.99,22704.994793708902,2456565.63,48.532853952759027,382.873,281.569,25.85,0.4806,0.1429,5.85,1.541,9072.48,0.0347,-0.0263,-0.1445,0.0345,-0.9906,1.3924173256691569e-05,-1.3378091710969284e-06,0.02223275182861364,0.01962186889986272,-0.001009263365338929,0.009669170212110162,9.0761939668370208e-07,4.5757143832258367e-07,0.00015218628954799534,0.00095015688846612496,1.79385820170317e-05,0.010607853127490624
d281ce40-5abd-4f0f-8d71-f8bbf10d6683,wsdiff_S82_lon_gt_minus2,1.34,7,34.648,0.1091,1.2702,175.74,268.829,2471243.54,56223.537440160755,2456565.63,289.01775244968621,203.943,163.25,18.49,1.286,0.004,137.85,2.977,34354.48,0.0228,0.0201,-0.0985,0.0228,-0.9965,1.752100647709355e-05,-2.616522396536683e-08,0.03048266361658081,0.033164246635229544,-2.734291648730594e-05,-0.0036447722540966444,3.8592302095833279e-06,5.0433539446746779e-07,0.0011784421040758827,0.0073377212341966033,4.225656253600188e-05,0.041269021531995534
949eb149-a1c8-4a88-a836-488426cc863e,wsdiff_S82_lon_gt_minus2,1.11,5,44.868,0.1675,0.3961,14.71,317.143,2449688.42,34668.42299818015,2456577.62,22.608044424009766,300.539,117.121,11.66,0.4732,0.0337,352.67,5.084,72242.58,0.0051,0.0549,-0.2662,0.0051,-0.9616,1.7087671456822388e-05,1.1972113227160214e-07,0.02687619703050209,0.029249207042859094,0.00014012781172033356,0.0020468984350065357,3.3365129514496667e-06,3.7017492892017797e-07,0.00089381053052749399,0.0051772974103316367,2.2694763264381267e-05,0.02794065847000167
faee5192-a7ce-4195-a2e3-78a2e41ff54a,wsdiff_S82_lon_gt_minus2,1.42,5,35.86,0.1645,4.5538,285.5,340.453,2439585.84,24565.838770126924,2456565.65,77.984304216343801,214.744,78.276,8.71,1.6528,0.8694,57.27,4.481,24177.21,0.0311,0.0464,-0.0725,0.0312,-0.9985,1.6573161662372276e-05,7.615819963298503e-07,0.02890679471777776,0.030090288512091924,0.002212694752436557,0.0049643400206406,3.837793728786659e-06,5.0494731859450992e-07,0.0010927792252463013,0.0069553209002982241,6.912364685030659e-05,0.050560620351370628
bf7bd051-c0f1-498d-b552-b3d1f76185e6,wsdiff_S82_lon_gt_minus2,2.81,7,61.218,0.452,4.2497,117.4,352.294,2482075.43,67055.42633857299,2456565.66,307.47346255915539,478.986,338.438,28.84,0.3714,0.1413,18.89,0.402,12100.6,0.0156,0.0724,-0.0468,0.0157,-1.0004,1.257413968087452e-05,8.601063407785314e-07,0.018385576839013335,0.014520879626296274,0.0010583815037108239,-0.007226531230563992,8.3462482056455768e-07,4.9898159457807145e-07,7.8483698932578643e-05,0.000502385909914192,9.0554652691099509e-06,0.0064466310783859509
ef3446da-7453-4a91-88f6-fa369d844725,wsdiff_S82_lon_gt_minus2,0.31,3,49.025,0.339,1.035,274.94,194.813,2480146.82,65126.82291319501,2456565.66,292.24644753461831,343.264,267.252,25.45,0.5487,0.0843,46.74,1.005,21022.94,0.0039,0.0445,-0.0747,0.004,-0.9988,1.3577128241711205e-05,-4.0211992092409725e-07,0.021186283286833543,0.018191510457727898,-0.0003207948910526557,-0.006579619320485225,1.284944391339109e-06,6.065495585400892e-07,0.00020176436954300294,0.0012746290041447932,1.361403120039557e-05,0.011944263338447791
4cd7e33e-a63f-4eb5-ba70-08c42bd2f2da,wsdiff_S82_lon_gt_minus2,0.07,1,31.95,0.3838,131.2927,54.64,182.645,2441712.61,26692.610791489482,2456565.65,81.116150667396397,180.594,80.288,9.47,0.2085,2.4212,34.95,0.093,11608.98,0.0222,0.0635,-0.0555,0.0223,-0.9999,-9.8831693411315e-06,-1.1200953250070253e-05,0.029744168636756548,-0.0185914413783406,-0.021188696165991835,0.011452612170521334,1.1530219430552146e-06,6.8082836254702158e-07,0.00024919211796959543,0.0015983753471343928,3.9180047094811091e-05,0.010155694899751889
3925945c-8517-4968-bf35-7247705d9252,wsdiff_S82_lon_gt_minus2,2.0,11,42.205,0.1337,5.9397,75.01,356.867,2472775.12,57755.12073521642,2456565.65,301.6941548334886,274.19,69.036,7.08,0.443,0.2073,35.96,0.089,811.25,0.0048,-0.0134,-0.1321,0.0048,-0.9929,1.6247472094725565e-05,1.6436060401724082e-06,0.025738958184446308,0.025997884486412846,0.002704051758564625,-0.003289171101846768,6.709692845269109e-07,3.9547745153803126e-07,0.00013231982131508123,0.00085544987537275322,7.7056988765384295e-06,0.011191706494169919
2635a486-2a29-4090-a159-26f55787de2e,wsdiff_S82_lon_gt_minus2,1.25,7,42.754,0.4802,3.4616,275.02,329.425,2440157.41,25137.408640159294,2456565.65,57.888347606133102,279.554,197.671,20.15,0.4322,0.1105,14.76,1.031,8820.66,0.0305,-0.0226,-0.1412,0.0303,-0.9912,1.4259261694747968e-05,9.333825109228208e-07,0.024947210644714366,0.021910988190091706,0.0011446021409607966,0.011876028588247373,8.3056700116337506e-07,4.2698673543768771e-07,0.00015345106934827333,0.00097836743064641908,1.7346407920268689e-05,0.012589550605215723
f43aca9f-0d36-427c-bcee-89db06be9925,wsdiff_S82_lon_gt_minus2,2.27,5,42.066,0.1573,29.9091,276.82,1.014,2437778.21,22758.211003127042,2456565.65,67.91380928067673,272.838,178.035,18.3,3.0875,25.0378,491.63,2.144,43859.07,0.022,0.0534,-0.0655,0.0221,-0.9992,1.3135224447344888e-05,7.846781367412546e-06,0.025288773510118386,0.02178481003934066,0.012515127531606081,0.003863953016887495,1.3760945791849968e-05,5.0504134526621651e-07,0.0035150829168260071,0.021971446963250433,6.6922727387937853e-05,0.080062204353078786
a08fd18f-27c4-4b5f-adef-90b804b1f73a,wsdiff_S82_lon_gt_minus2,0.34,5,38.687,0.1451,16.6311,163.53,182.497,2453387.77,38367.768917358015,2456565.66,13.025063726279274,240.632,7.979,0.86,0.0493,0.489,120.02,0.032,21450.32,-0.0056,0.0601,-0.059,-0.0055,-0.9999,1.7648064391299948e-05,-5.381977678083779e-06,0.030988092346003915,0.034533488541842364,-0.010312859168137466,0.0013260272131820714,8.0174168901692744e-07,5.6093218935662054e-07,0.00015696604496894101,0.0010277268717360491,1.1690462760626896e-05,0.0096563929621057091
e53850f8-b7d2-4717-883c-df8fa7ae257e,wsdiff_S82_lon_gt_minus2,1.1,3,50.604,0.1965,0.8629,103.1,260.88,2457606.86,42586.8648207807,2456565.65,357.14729295148015,359.981,101.435,9.51,0.2052,0.0052,254.77,2.153,61402.41,0.0153,-0.0094,-0.1281,0.0153,-0.9933,1.740692681884754e-05,2.8949236149757735e-07,0.025198617516207743,0.02716420131894675,-6.090610095092811e-05,-0.00042314309593898095,1.4155857115287423e-06,4.7381084811481128e-07,0.00032425203641441258,0.0020411080131146246,1.7330353939810296e-05,0.020236551851974632
9118d5a7-37f8-49b2-a25f-46b791ed300e,wsdiff_S82_lon_gt_minus2,1.02,7,68.352,0.226,1.6224,61.09,304.587,2458688.38,43668.37519058725,2456565.65,356.29519312295349,565.098,144.514,11.65,0.1914,0.0282,207.29,1.416,72382.71,0.0237,-0.0086,-0.1273,0.0236,-0.9932,1.5239138060245628e-05,1.2397516309522655e-07,0.019244607288557456,0.018397734168781873,0.00029958191750978624,-0.0004005293161014361,1.0354281467576539e-06,4.5067399563521011e-07,0.00016145980805830633,0.0010109599417399996,1.3607195509923745e-05,0.012440822581386545
29743f19-9562-4092-ae61-14cab9afbd97,wsdiff_S82_lon_gt_minus2,1.32,5,73.977,0.3007,2.986,157.58,185.682,2449514.68,34494.68294549454,2456565.66,10.92952589514751,636.272,63.766,4.94,0.1673,0.2111,145.87,0.094,47163.26,0.0012,0.0753,-0.0438,0.0013,-1.0007,1.5475911912555156e-05,-8.450506453944678e-07,0.019401092262190965,0.019018211689303965,-0.0009917393817217744,0.0015933188187183373,1.4040894725766257e-06,5.6711957258672606e-07,0.00020492965088120539,0.0012943943678494188,1.3476936431076966e-05,0.011543471372421317
b81de9ec-5c57-49b3-9f1c-192bb7f4c347,wsdiff_S82_lon_gt_minus2,5.4,5,39.934,0.3969,0.8112,354.33,283.737,2445553.97,30533.97138076322,2456577.62,43.083714405192516,252.352,179.866,18.98,0.5743,0.0029,16.25,1.272,4009.75,0.0144,0.0717,-0.25,0.014,-0.9658,1.7680151235045503e-05,-1.2243228432915554e-07,0.031372304832518,0.03493769335826656,7.687030824687427e-05,0.013204884633802774,8.9463220724523671e-07,4.1390524529892993e-07,0.0002536870385620419,0.0015777356002890537,1.6440513460482152e-05,0.020078711945704101
5fdffe05-6c14-4f0d-a3c1-632e9f738704,wsdiff_S82_lon_gt_minus2,1.52,5,37.975,0.1061,2.2599,83.43,230.571,2447477.55,32457.55149364751,2456565.63,38.301524914129558,234.019,142.551,15.42,0.9936,0.375,739.52,11.185,134046.83,0.031,0.0091,-0.1094,0.031,-0.9952,1.770954618945452e-05,-4.24859687156964e-07,0.029407969521415618,0.03236764629356326,-0.0008216644356486742,0.002226815835815627,5.7985086197215608e-06,5.0652612144605944e-07,0.0017333917138246846,0.010720258795636114,8.0446130449556575e-05,0.04913066371263683
91fdcdfe-d622-49fb-92f0-103f71b02a5e,wsdiff_S82_lon_gt_minus2,0.98,5,39.958,0.1908,11.376,282.14,350.754,2439773.49,24753.491601790767,2456577.6,65.61464176764818,252.586,159.969,16.87,1.3633,0.9398,60.58,0.772,13889.48,0.0327,-0.0106,-0.3282,0.0309,-0.9417,1.554894725488151e-05,3.4981260758012236e-06,0.0268812356516265,0.027009730174780828,0.005357779820005014,0.004962892394438464,1.1815440603782131e-06,4.1910112906044359e-07,0.00033137691848257546,0.0020253681662381505,3.2909846158844286e-05,0.037619501875111393
b1aa16a2-5fee-48a0-978f-1950e2c18d32,wsdiff_S82_lon_gt_minus2,0.77,3,52.094,0.2592,31.2759,198.74,171.18,2458539.07,43519.073626494035,2456546.79,354.77404034096821,375.993,77.569,7.16,0.1341,1.8547,60.64,0.603,12879.02,-0.0886,-0.0059,0.197,-0.0873,-0.9842,1.5377005222664883e-05,-9.218948498633523e-06,0.026520936776907932,0.02578369236748874,-0.015428008736934394,-0.0008239928645071452,1.3549726072346828e-06,7.1756325558466113e-07,0.00030330418313229959,0.0019372949570493313,1.3188000127482783e-05,0.0068808809493862283
3ec4ffe4-3e22-47b8-95e9-a57e9a250ee7,wsdiff_S82_lon_gt_minus2,0.5,1,42.282,0.2841,4.5421,73.52,339.226,2464400.71,49380.70517023606,2456565.65,331.89377005729119,274.938,173.946,17.83,0.5324,0.2692,59.73,1.487,5497.05,0.033,0.0495,-0.0694,0.033,-0.9987,1.883320438831355e-05,1.5862862261362151e-06,0.03140784192644263,0.037377735626484755,0.002727398912904232,-0.006940948350049514,1.6058659228080277e-06,6.4273656082356946e-07,0.0004321222718108553,0.0027430813021709992,3.1427344513395164e-05,0.018544124965078082
5f3444fb-3ad7-4e2c-999b-82904428cb25,wsdiff_S82_lon_gt_minus2,0.63,3,42.342,0.3462,15.6316,283.06,186.522,2475354.64,60334.64195851935,2456565.65,292.74304713236705,275.525,215.743,22.1,0.666,4.405,62.3,1.265,16559.15,0.0213,0.0375,-0.0814,0.0214,-0.9981,1.4076935089529187e-05,-3.5523322238047914e-06,0.024633878377425245,0.021879537194437214,-0.006102942395652148,-0.008425028473974997,4.1975214055283881e-06,5.0281794748123993e-07,0.0010508005388163973,0.0064282932700700035,3.4891137680179047e-05,0.017134517056338429
bc1eb327-5c02-4b68-bce7-cc4ca1992b2a,wsdiff_S82_lon_gt_minus2,0.59,5,60.525,0.3306,22.0422,286.49,186.72,2490571.99,75551.99482324766,2456576.62,288.79480769946946,470.872,364.85,31.26,0.6262,1.0012,47.76,0.139,52385.23,0.0196,0.0656,-0.2393,0.0191,-0.9688,1.0833867866570348e-05,-4.71829859680369e-06,0.01677658243582481,0.011835271442069688,-0.004790238668666957,-0.004526758870424056,7.5020984347606508e-07,4.2348192157786521e-07,9.2613060497254208e-05,0.00055153760288079959,1.3752160151561342e-05,0.0096916712719160667
5e51ead4-5bf6-4c8f-9ba7-b6e269250d5d,wsdiff_S82_lon_gt_minus2,2.02,3,41.526,0.2349,31.7484,333.84,0.713,2451879.65,36859.648440491874,2456576.62,17.311497578710814,267.595,48.767,5.05,0.3274,3.4567,209.34,0.235,32839.57,0.0203,0.0361,-0.2678,0.0196,-0.9613,1.6277916014152453e-05,1.0283246163479989e-05,0.031698873728749924,0.032685133939975845,0.020198691130870628,0.0032871519243899906,2.5410608387836729e-06,4.5542120605505531e-07,0.00071972502008955854,0.0042294406872655154,3.3672754350895482e-05,0.028917889182860555
ae72eac1-4182-4fbe-8c24-ceeda1e4cfca,wsdiff_S82_lon_gt_minus2,1.3,5,42.031,0.3531,1.6914,122.88,344.66,2474886.49,59866.49083049316,2456576.62,293.72880820578712,272.493,213.238,21.93,0.5742,0.1747,43.02,1.631,15646.72,0.0081,-0.004,-0.306,0.0078,-0.95,1.4553537600057505e-05,5.772584752185603e-07,0.024897354472282623,0.023017449465408103,0.0006597415146772723,-0.008871317369374045,2.3200833549049086e-06,3.818612825892084e-07,0.00051128366021574185,0.0028507919007293692,2.2128359074296564e-05,0.01566558994579903
75a566eb-e655-46fa-8325-f6dfd76252d6,wsdiff_S82_lon_gt_minus2,2.86,7,37.382,0.1085,27.9354,358.8,186.408,2415386.96,366.9561284244992,2456565.65,177.69312155841874,228.558,54.935,5.99,0.2551,4.9304,646.52,0.565,148713.65,0.0257,0.0631,-0.0558,0.0258,-0.9997,1.2489516138236487e-05,-6.503236953570707e-06,0.02473146980782477,0.020158524828493906,-0.010673091357563407,5.624493581386132e-05,2.6531773538253783e-06,5.793283617910758e-07,0.00064100688785972612,0.0040888935560862627,5.7620507456482556e-05,0.03149569592634735
45c406e8-90be-4b38-8c7c-e84509723acb,wsdiff_S82_lon_gt_minus2,1.19,5,40.173,0.279,0.774,211.17,253.436,2474498.87,59478.87102381885,2456565.65,290.53599932555477,254.62,194.56,20.46,0.6362,0.0152,56.78,3.146,19573.63,0.0131,0.0484,-0.0706,0.0132,-0.9991,1.539770797994459e-05,-1.0439456418192669e-07,0.026127225384634262,0.025444228221771108,-0.00011137685352314631,-0.007419318839006314,1.596888818028578e-06,5.7740227238686658e-07,0.00035424264918774057,0.0022541036342166314,1.708122488132071e-05,0.017905896819455879
03d62ca5-cf6b-48a2-acec-089ec341d0f0,wsdiff_S82_lon_gt_minus2,1.19,5,47.477,0.2001,5.7998,86.57,193.019,2436434.73,21414.734044655226,2456565.65,60.692458936980856,327.132,193.21,18.69,1.5218,2.371,228.34,4.358,26130.1,0.0189,0.0424,-0.0765,0.019,-0.9985,1.4739739732832108e-05,-1.8117803382135192e-06,0.023001915308267878,0.02185175816790779,-0.0021824476448936117,0.004215149107678126,6.2414676868533063e-06,5.0209969647208003e-07,0.0014481174558566691,0.0090058971309366978,4.1529739216130319e-05,0.035032187209269219
aaf49927-dddd-4a88-984b-8652226ae219,wsdiff_S82_lon_gt_minus2,2.52,9,43.761,0.3115,47.2073,97.03,356.969,2473785.93,58765.927627643105,2456565.63,301.33069729298649,289.484,213.524,21.52,0.6375,2.9139,19.89,0.187,13619.6,0.0359,-0.024,-0.1423,0.0357,-0.9908,1.0442510612956711e-05,1.154769101471131e-05,0.025336707386814636,0.016793816067263986,0.018161156476237113,-0.007915160356703086,1.1877934713732214e-06,4.3856778604086945e-07,0.00026197446848430907,0.0016523037016154011,1.1151157461257717e-05,0.016199056650761427
df73ac71-5099-4fe2-9897-83eb6d85b673,wsdiff_S82_lon_gt_minus2,1.9,3,50.17,0.4345,1.8673,158.15,289.635,2470112.42,55092.415297285654,2456565.65,322.40257987918778,355.363,288.628,27.17,0.4371,0.0081,6.35,0.859,5374.96,0.0322,0.0654,-0.0536,0.0323,-0.9997,1.6586841407605848e-05,3.638820209183235e-07,0.026373648271384758,0.027165488653246455,0.00025184441047204555,-0.011269184385772103,1.0973625226073957e-06,4.7940199438050472e-07,0.00024196703653817976,0.0015296330288861243,1.9412031529123038e-05,0.010884732905375182
864dda72-054f-42f5-9936-212e18f1fdf0,wsdiff_S82_lon_gt_minus2,1.67,3,49.981,0.4685,22.7833,259.78,187.31,2468800.62,53780.61837814003,2456565.65,325.85017933553081,353.353,273.121,25.75,0.3807,1.1634,4.48,0.2,4007.61,0.0265,0.0648,-0.0542,0.0266,-0.9998,1.5453690880446656e-05,-6.16798276279294e-06,0.02772167580959592,0.02706409717766553,-0.011339716939471872,-0.013038408641246568,1.2017967698869207e-06,6.2019135161069358e-07,0.00023643213799305591,0.0014972211942081823,2.5455346523238539e-05,0.010202516019336727
571187e0-fdc0-493c-90aa-9b8bef9c1a1c,wsdiff_S82_lon_gt_minus2,0.43,5,42.623,0.3401,8.5825,268.16,188.92,2472506.61,57486.61197251035,2456565.63,303.50131156809209,278.273,200.78,20.5,0.5136,0.5592,24.57,0.481,10820.5,0.0195,0.027,-0.0916,0.0196,-0.9973,1.550372881240718e-05,-2.2455844073262085e-06,0.02634333798614815,0.02579234467248789,-0.0038583937826734893,-0.009197393424314314,1.282058878862132e-06,5.8658875319370097e-07,0.00025865415247123446,0.0016396224954569932,2.0876660799754279e-05,0.013856843152005711
b28211cc-9c50-467d-98ff-a2ffd3ea9feb,wsdiff_S82_lon_gt_minus2,0.9,5,47.543,0.3642,34.3722,110.71,357.367,2478559.67,63539.67201184947,2456565.65,293.82893919017852,327.817,254.657,24.62,0.5376,2.0057,39.21,0.133,18176.39,0.0218,-0.0177,-0.1363,0.0217,-0.9921,1.1072523792785648e-05,7.919425446359913e-06,0.02190687899056663,0.01563357009890126,0.010705479139845887,-0.007447124073357802,1.0150458126368995e-06,4.6375927793619136e-07,0.00018086464315324597,0.0011360342963941191,1.1947562018693832e-05,0.012448105544476328
0a48b490-1460-412a-b66a-1ea4a8013630,wsdiff_S82_lon_gt_minus2,1.13,7,47.402,0.3111,4.2956,68.13,191.998,2434844.46,19824.46292706579,2456565.63,65.642789895576854,326.356,232.115,22.48,0.8997,0.4452,8.56,1.066,21575.25,0.0135,0.0302,-0.0884,0.0136,-0.9976,1.4537061280193488e-05,-8.013317302627267e-07,0.0223734774434037,0.020101305118059132,-0.0014865660187816621,0.00651019644618459,1.569134955837006e-06,4.4984306722167156e-07,0.00032066855401962588,0.0020355267579560926,1.6302840803586688e-05,0.019475365408259997
c59069a4-0d04-44a3-88a7-a6b7a74202e5,wsdiff_S82_lon_gt_minus2,1.45,5,58.313,0.153,3.222,100.24,205.94,2438755.45,23735.44698003307,2456565.65,39.447593564963043,445.29,253.441,22.13,0.8645,0.7343,363.41,6.747,107221.84,0.0263,-0.0271,-0.1457,0.0262,-0.9906,1.4369464732537825e-05,-7.614432868983012e-07,0.019572372579214986,0.017812985128604922,-0.0008899209880679642,0.0019262730442908434,3.7990841831593647e-06,7.038993231490809e-07,0.00074627093313770767,0.0045416097090997158,4.1270152841876257e-05,0.020302853506104033
80a9006b-5396-49f6-b7af-420d34d464a6,wsdiff_S82_lon_gt_minus2,0.6,1,59.163,0.3528,18.1938,358.76,355.705,2455293.3,40273.30489055114,2456578.55,2.7854904106969665,455.072,25.183,2.18,0.0245,0.6222,119.27,0.17,24569.97,0.0278,-0.0011,-0.3347,0.0262,-0.9392,1.7724314823138162e-05,5.701936262271738e-06,0.026730161053063577,0.029977674191409242,0.009820668687899457,0.0006363628813945834,9.6637006516577484e-07,6.7627267719100855e-07,0.00015932295981842053,0.00095002493710298814,1.6644856331632244e-05,0.017089878050218898
65fe9818-522c-4ab8-a633-46e9d1bd2aaf,wsdiff_S82_lon_gt_minus2,1.33,5,41.681,0.0245,13.9719,14.32,352.235,2458568.47,43548.47154157376,2456565.65,352.65931375983007,269.092,206.473,21.32,0.9574,4.7989,8970.39,2.284,2327991.35,0.0285,-0.0271,-0.1457,0.0283,-0.9906,1.5223310849763954e-05,4.202275427712266e-06,0.025202736793415337,0.024411187212830116,0.006036101648292177,-0.00016424194638709649,5.4706823177464157e-06,5.0576944759242989e-07,0.0013969572726871366,0.0086753014300967983,6.2797687273029532e-05,0.096089206451631784
f5d3784f-bc20-4d9a-b11f-094aa8fac20c,wsdiff_S82_lon_gt_minus2,4.28,9,59.25,0.2715,21.8538,322.79,356.446,2445676.75,30656.754356550053,2456565.65,23.547333153840086,456.076,96.148,8.33,0.3024,0.6519,89.16,0.12,19887.95,0.0262,-0.0007,-0.1195,0.0261,-0.9941,1.4264886013405634e-05,5.688127071928089e-06,0.02243369807506141,0.021297668655339105,0.008517625765872401,0.0033495767374375233,6.4968908350072914e-07,4.3658944126140475e-07,0.00010229453845866895,0.00066652069800167131,7.5604757677964216e-06,0.0098856704007727787
929fb81c-dc2d-46c6-b10c-c56e6dfaadff,wsdiff_S82_lon_gt_minus2,1.16,7,41.337,0.4251,2.5372,248.25,224.47,2473714.11,58694.110858626664,2456565.65,296.3634121960709,265.774,208.115,21.58,0.4864,0.3514,49.84,7.914,11373.37,0.0321,-0.013,-0.1317,0.032,-0.9924,1.3800623786220363e-05,-7.045531565200252e-07,0.025173630517237117,0.02257642514560242,-0.0006970640939942563,-0.01069079232016712,3.1630732593210707e-06,5.0292669180348352e-07,0.00080964166868938115,0.004899127915653766,4.5147283708816727e-05,0.01402583141826653
84efda8c-e235-47cd-8669-bc9545858d0e,wsdiff_S82_lon_gt_minus2,1.5,7,44.07,0.3047,2.9942,110.43,303.191,2465001.15,49981.148283849005,2456577.62,331.60316694269784,292.563,177.696,17.84,0.5297,0.0264,62.15,0.794,5751.84,0.0456,0.0119,-0.3073,0.0434,-0.9483,1.883797546473058e-05,7.457668550599184e-07,0.030524871237169404,0.03591538907222543,0.0010204395417667208,-0.007651541182741428,7.008977472041699e-07,3.6325841087636786e-07,0.00019280774422113749,0.0011785091137223897,3.4494289738413267e-05,0.01865799663451256
b8356f02-906b-4178-a97b-9438f3399da5,wsdiff_S82_lon_gt_minus2,0.53,1,62.306,0.3075,2.2479,76.61,269.221,2453172.72,38152.717241455335,2456577.6,6.828148733550198,491.806,308.713,26.07,0.3231,0.0021,142.94,5.644,35857.12,0.0401,-0.0195,-0.3366,0.0378,-0.9385,1.69940152628861e-05,1.1271805056232307e-07,0.023536700505745824,0.025604439563235184,4.912568468959105e-06,0.0012146833453454701,3.4474154481715101e-06,5.2346781358474514e-07,0.00081817194528944397,0.0045088134339117064,0.00010189516149044428,0.015221302452147725
38845d93-2e8e-4bb0-8546-522052fce711,wsdiff_S82_lon_gt_minus2,0.1,1,38.322,0.4854,38.2672,292.27,181.504,2470624.09,55604.08778466331,2456565.64,301.55371038298102,237.233,187.033,20.14,0.4698,14.8604,41.96,1.431,7713.21,0.0377,-0.0241,-0.1425,0.0374,-0.9908,1.13690950791623e-05,-8.952974005592284e-06,0.027702427897619616,0.0199160087030741,-0.01570656433094445,-0.014174169752080489,6.1050862442337369e-06,7.1621418789887721e-07,0.0017512275347307277,0.010552857099122999,0.00010833558351288815,0.015214884061695201
bf271b15-fc49-4c68-937e-b208ced0165e,wsdiff_S82_lon_gt_minus2,0.92,3,54.247,0.2631,2.2887,133.51,291.989,2472698.91,57678.90864264732,2456565.63,320.17477208783981,399.539,249.228,22.56,0.641,0.0113,51.0,0.72,2815.19,0.0381,0.0111,-0.1074,0.038,-0.9951,1.566327639101187e-05,6.017926007851737e-07,0.02252463763305718,0.02215611055159878,0.0003263625644763915,-0.004793131335818449,7.8129404010817682e-07,5.0403356127484964e-07,0.00012264449138896992,0.00081486905994418413,1.6504113863240034e-05,0.013417640299435025
a0615e7a-4539-4676-8cc5-202de856b8b9,wsdiff_S82_lon_gt_minus2,3.62,9,52.966,0.3035,26.4116,171.55,186.299,2455238.54,40218.53578357492,2456565.66,3.3955568594932077,385.474,17.366,1.59,0.0097,0.6229,53.4,0.044,10628.21,0.0143,0.081,-0.0381,0.0144,-1.0008,1.6923911349137324e-05,-8.953171165241754e-06,0.02781689271038696,0.029400544065254133,-0.014594220195542865,0.0008513009702055144,6.3793237877563134e-07,4.4089473022021219e-07,0.00011889778140266195,0.00077220568324342677,1.6425065004023787e-05,0.0070850272068068518
174ba6f8-84e4-4271-8e0e-b32e6ee2615d,wsdiff_S82_lon_gt_minus2,2.95,5,58.534,0.1919,1.3002,155.99,288.957,2484690.71,69670.7055832087,2456565.63,298.059148375532,447.828,309.054,26.93,0.8865,0.0134,12.75,1.883,26049.59,0.0221,0.0272,-0.0914,0.0221,-0.9972,1.3071449018427135e-05,4.6029307545587e-07,0.018469095298238307,0.015806608510405728,0.00010847087341129717,-0.0029735415516870616,1.1773623921787664e-06,4.6344032179256187e-07,0.00018590425366923842,0.0011743269347630847,1.463177346157071e-05,0.013466537979476521
f5eaf5b0-14e2-4fea-99d4-f345bdaf14ba,wsdiff_S82_lon_gt_minus2,2.73,5,63.445,0.2877,6.4739,11.03,349.453,2456353.12,41333.11886318633,2456565.63,0.41474529287613565,505.358,86.801,7.27,0.0812,0.2877,152.02,0.531,41132.54,0.0236,0.0186,-0.1,0.0236,-0.9964,1.606928742880733e-05,1.732704346062068e-06,0.022626353967215768,0.023866203005270717,0.002652034968239751,2.152641938222648e-05,9.5524381875243387e-07,4.3693876885464171e-07,0.00017171245380667193,0.0010992191939048659,1.2521716053755143e-05,0.014169485642506668
6b4525db-3e3b-4c11-a65d-6e30e42fcca8,wsdiff_S82_lon_gt_minus2,1.04,5,59.369,0.4743,1.1697,191.94,287.413,2485359.42,70339.4152825321,2456565.63,297.91922724116387,457.442,351.906,30.45,0.3636,0.0145,30.78,2.519,15871.71,0.02,0.028,-0.0906,0.02,-0.9973,1.1416654912455563e-05,-4.317273144166793e-07,0.017239788157323063,0.012450487289438235,7.158568463406346e-05,-0.006732630462183219,8.7821570350141229e-07,4.6204001680810033e-07,0.00010736022549146105,0.00066407986606696297,1.2386051458573589e-05,0.0068311745836056419
c5a26de6-ccb2-462f-8b75-b4c78833d38c,wsdiff_S82_lon_gt_minus2,2.02,5,42.808,0.2102,9.7258,351.68,348.382,2452686.13,37666.129302952904,2456577.62,13.703212440331548,280.084,89.355,9.1,0.2786,1.191,255.62,1.601,45329.74,0.039,0.0116,-0.3075,0.0372,-0.9484,1.8903719994548758e-05,3.359316292893532e-06,0.030058844355727442,0.03486358718358573,0.005829796059402652,0.001948140876292386,2.8703886252105823e-06,3.7099151382138071e-07,0.00085858059120813449,0.0048780912073738908,9.661986387352548e-05,0.028052415114390505
97dd39c9-87e1-471d-a99f-a08472ccf638,wsdiff_S82_lon_gt_minus2,0.3,3,40.726,0.1883,1.8233,61.4,256.362,2449159.22,34139.218022052664,2456565.63,28.106046993637879,259.898,167.259,17.47,0.6069,0.0508,299.37,7.012,50282.99,0.032,-0.0295,-0.1477,0.0318,-0.9902,1.8181985294765076e-05,-2.6110582368233896e-07,0.029949561523348683,0.034342298539751154,-0.00022941469411791193,0.0035480662763989496,5.1160538869845138e-06,5.0703051294391871e-07,0.0015780692591330879,0.0096141058737354065,8.6626627755259471e-05,0.032396877712842297
b1f4a638-c285-4df6-9ac0-75fb5b85e5e7,wsdiff_S82_lon_gt_minus2,6.73,11,70.776,0.4462,5.6518,101.18,341.305,2478036.01,63016.01261935383,2456565.65,324.43622635427278,595.424,429.403,34.03,0.4018,0.1167,2.73,0.398,6483.52,0.0321,-0.0049,-0.1236,0.032,-0.9935,1.4218074228339772e-05,1.1891819371458949e-06,0.019016914096410292,0.016711110790339843,0.0015740792259172065,-0.007064809423313738,5.96498481415533e-07,4.1381379355912557e-07,5.9993411960124989e-05,0.00038364808325230907,8.9771166388488045e-06,0.0062634653480145817
1a0629ab-913d-4fea-8c0e-1a029abc64ee,wsdiff_S82_lon_gt_minus2,1.71,5,39.451,0.366,3.547,277.1,354.467,2443636.42,28616.415769792162,2456565.66,51.461790315475319,247.79,169.759,18.02,0.6779,0.2935,15.37,0.838,6775.28,0.0111,0.0778,-0.0413,0.0113,-1.0007,1.6207151048922643e-05,9.25905770649143e-07,0.029561740831751962,0.031148752659789294,0.001896817208861073,0.011586290200150264,1.533876677406034e-06,4.3590751022209147e-07,0.00041269086310560701,0.0026580240999222087,1.1933026409000841e-05,0.021892319824986139
0b80883d-07f8-4020-a79b-90063d7e77f2,wsdiff_S82_lon_gt_minus2,1.99,5,51.752,0.3269,3.864,290.34,325.728,2431956.57,16936.569222422782,2456565.63,65.192000899391374,372.302,264.92,24.55,0.7956,0.1867,12.46,1.823,22884.54,0.0379,-0.0178,-0.1361,0.0377,-0.9916,1.3215925325808753e-05,3.734634764190724e-07,0.020434241923900212,0.017482502901953564,0.0009813320927934829,0.005969277453377607,1.1855128069381116e-06,4.5690438774970113e-07,0.00020729411664627563,0.0012996231403831027,2.2579080722462662e-05,0.015228868329176521
7bbbdc8d-7c78-4032-bf42-47a15b79ae41,wsdiff_S82_lon_gt_minus2,2.55,7,62.486,0.1977,53.1057,1.83,359.321,2456382.22,41362.21797773894,2456576.62,0.3881607141382471,493.945,50.886,4.29,0.0618,3.609,267.96,0.186,88099.69,0.0344,0.0076,-0.2949,0.0329,-0.9529,9.211107032214848e-06,1.149661747329002e-05,0.020333949122132426,0.01186665669259387,0.015800635965138407,-2.606321701695737e-05,1.653672086450963e-06,3.3841876833736244e-07,0.00027601262784863665,0.0015142476301326705,2.9684290982964672e-05,0.015250668081857752
d4da380e-e87b-4bb0-8304-654a98d8d6b2,wsdiff_S82_lon_gt_minus2,3.31,5,68.908,0.4261,6.9612,158.12,185.5,2452798.93,37778.93352814112,2456565.63,6.4945829113494149,572.011,49.605,3.98,0.1039,0.375,88.23,0.228,18321.78,0.0091,0.0206,-0.098,0.0092,-0.9968,1.850559847834611e-05,-2.4423952966256367e-06,0.025566027499249317,0.029880503615004706,-0.0036376396230728674,0.0026940965778529907,1.2770427937848962e-06,5.7511674904307522e-07,0.00024464481619219139,0.0015475481939995421,1.6251988966874665e-05,0.014138974989939903
930c436d-657f-41ca-9891-f2a6ef58715b,wsdiff_S82_lon_gt_minus2,1.37,5,40.698,0.2925,6.4011,295.17,358.629,2446514.14,31494.138331158087,2456576.62,38.224920852684683,259.629,137.21,14.34,0.648,0.3093,73.37,0.051,4352.48,0.0023,-0.0134,-0.3151,0.0023,-0.947,1.806400579615509e-05,1.6341688943384705e-06,0.03095332990241105,0.03555691328046611,0.003979558220331351,0.008186594328480084,7.9779431623050311e-07,4.2656955364036613e-07,0.00023586757910327096,0.0014501894397501629,1.167217932090287e-05,0.023960045160146503
83317e84-9545-474b-90b3-0a6ca8cdacd1,wsdiff_S82_lon_gt_minus2,3.9,5,52.114,0.3582,3.4785,126.42,319.679,2474600.71,59580.714747891296,2456577.6,312.75038757800206,376.207,280.953,25.95,0.5554,0.0573,3.48,0.777,9190.59,0.0396,-0.0197,-0.3367,0.0373,-0.9385,1.5841986241724928e-05,8.343467584643144e-07,0.022945855218647563,0.021758026224405022,0.0010336150670003498,-0.007818123857551566,6.3810714054809833e-07,4.1844102219186893e-07,0.00010262991236855203,0.00060100813534763576,1.8929991031194328e-05,0.011727498597342829
1d52459b-71d9-4fdf-a541-35879f6a7335,wsdiff_S82_lon_gt_minus2,0.86,5,60.963,0.3627,22.929,140.85,185.84,2448975.54,33955.54071172979,2456565.63,15.726683757273406,475.998,103.99,8.88,0.2177,0.7501,64.17,0.143,12194.41,0.0296,0.0314,-0.0872,0.0296,-0.9974,1.6266413331633012e-05,-6.76296915213495e-06,0.025119288670773756,0.02595672764027781,-0.01094714125281924,0.00444010776847424,7.9033935560971942e-07,4.7520532396892253e-07,0.00013902662763247488,0.00089091647548459425,2.5211189383211261e-05,0.010006804772139225
78fcb70c-9bf8-452a-86d6-ef7f0875f065,wsdiff_S82_lon_gt_minus2,2.11,5,45.71,0.2231,2.7995,357.48,321.107,2448134.4,33114.4017798109,2456565.63,26.907348144506567,309.04,207.787,20.49,0.5619,0.382,237.48,6.385,41884.5,0.0319,0.0076,-0.111,0.0319,-0.995,1.7759714973920994e-05,4.33054205946169e-07,0.02757257851827841,0.030650464348658205,0.0011551074522588678,0.0038395284120005526,4.7940097845643968e-06,5.0618899040022349e-07,0.0013507349321284811,0.0082875192864146421,6.5857706944417139e-05,0.025510564138843398
3f458ff9-1943-4499-843e-eeeb111e2a34,wsdiff_S82_lon_gt_minus2,9.57,9,64.112,0.4004,3.0458,250.93,215.088,2487713.97,72693.96696515707,2456565.65,300.15599004691165,513.344,354.586,29.52,0.4385,0.0743,25.67,1.003,18731.0,0.0315,-0.0123,-0.1309,0.0314,-0.9925,1.131461034740438e-05,-9.07429817659971e-07,0.016719411146845893,0.012660899813368183,-0.0005438470004675283,-0.005524453148551893,6.1478694127077291e-07,4.3364847219464736e-07,5.6180384803136188e-05,0.00035787128140752993,9.4510524673501902e-06,0.0066294288698365419
1d285ded-16c5-434c-b478-fb3fe407d011,wsdiff_S82_lon_gt_minus2,0.74,1,54.945,0.4785,45.5775,138.8,182.901,2450945.15,35925.15492825676,2456565.66,13.610800855090593,407.274,178.817,16.08,0.261,2.3115,45.71,0.014,4800.58,-0.0036,0.0519,-0.0673,-0.0035,-0.9994,1.4532101669901885e-05,-1.4939628214813137e-05,0.03313060546080899,0.030453582679700063,-0.031050430009949455,0.01008178215380135,1.4190646518524024e-06,6.7630988503040049e-07,0.00037685090659507025,0.002395188516371276,3.3097911366546492e-05,0.014732377702266609
0a934a09-0b24-4319-87f6-b1e554dd69b0,wsdiff_S82_lon_gt_minus2,0.57,3,39.889,0.3236,11.6876,38.63,21.678,2464815.22,49795.22042829916,2456569.73,327.72032119316714,251.931,96.756,10.21,0.3081,0.3113,21.1,0.624,693.5,-0.079,-0.0075,-0.1953,-0.0773,-0.978,1.921651118350383e-05,3.5390384451909974e-06,0.033485175654323365,0.040002792603411746,0.0076301649675401045,-0.01022432277752559,7.349897962596715e-07,4.867606649837272e-07,0.0001685864493307527,0.001049858978391329,5.7982758575600489e-05,0.011460342661008649
ca43822d-b4e1-4b78-a018-9af87b1ef4c4,wsdiff_S82_lon_gt_minus2,1.51,1,41.623,0.2019,6.9045,246.73,201.14,2474003.82,58983.815580096096,2456577.62,295.99795731199265,268.537,198.294,20.49,0.9982,1.4613,89.93,4.427,20479.53,0.0422,0.0141,-0.3052,0.0402,-0.9491,1.5831443678347528e-05,-1.1826960528839612e-06,0.025957687662160684,0.025916623114315383,-0.002939414166477419,-0.005409852927558986,3.7130922794251929e-06,5.2404453812426976e-07,0.00094953286135428315,0.0052912498294116891,0.00011473989787654026,0.025820424027179559
292a82c7-7fbc-42eb-8577-1b2227746ea6,wsdiff_S82_lon_gt_minus2,1.13,5,50.637,0.2153,17.0764,347.27,359.472,2453586.18,38566.18277158309,2456576.62,8.1852871432829399,360.326,10.123,0.95,0.1221,0.7489,227.56,0.007,52055.13,0.0011,-0.0135,-0.3151,0.0012,-0.947,1.6231860920218217e-05,4.9536232488165405e-06,0.025664399036017055,0.026862857433900142,0.00824969709776589,0.0009076452333736544,7.7070908101286177e-07,4.3423347263791903e-07,0.00017392648431243982,0.0010610228119760556,1.5475087729901648e-05,0.02001593800764662
253c1297-51ca-4f48-ac04-b558e7c900ba,wsdiff_S82_lon_gt_minus2,0.65,5,42.426,0.0748,2.9296,98.83,238.049,2450775.94,35755.94370225584,2456577.62,20.705952433751921,276.346,101.462,10.38,0.5375,0.2757,1246.96,8.296,298020.02,0.044,0.0084,-0.3106,0.0418,-0.9473,1.6592863180315734e-05,-3.382047302522926e-07,0.025944769913653565,0.02682410041254951,-0.0007360216702987601,0.0005523119962351107,3.3654657309701151e-06,3.7088838956407427e-07,0.00089067267878155127,0.0050985929980068611,0.00011858175848135172,0.042543713419921435
f26aec82-0c61-418d-988b-43cb65f962bb,wsdiff_S82_lon_gt_minus2,2.66,7,39.954,0.3256,54.5006,98.24,1.18,2471952.63,56932.62815620517,2456565.63,299.90872368294879,252.544,152.79,16.11,0.5021,3.3734,20.04,0.043,10180.29,0.0091,0.0244,-0.0942,0.0091,-0.9972,8.962467578332398e-06,1.341136943142324e-05,0.027523704759333998,0.016064894858406047,0.022557795645367702,-0.00937868319869999,1.27148763600373e-06,4.669000908477698e-07,0.00030772771807124547,0.0019528428919096954,2.0221406021400361e-05,0.014777999571541651
39b33c43-ab99-4ee4-a67b-9411b4bbf3d7,wsdiff_S82_lon_gt_minus2,0.04,1,28.366,0.7602,4.3639,312.13,189.9,2463303.2,48283.2008574768,2456565.66,316.01624226436445,151.079,119.627,14.97,0.1079,0.4187,16.92,0.548,1377.74,0.0078,0.0719,-0.0472,0.008,-1.0005,1.2481381790206434e-05,-1.0110665819005078e-06,0.03784257267186044,0.029869860655033956,-0.0022621950970802525,-0.03514529040872539,1.4329094861752032e-06,6.5156599602571003e-07,0.00044129614166751386,0.0028137079233614584,1.6346827448513051e-05,0.013980976764396786
c32e314f-4f7c-4be2-b39e-b994318940c9,wsdiff_S82_lon_gt_minus2,2.12,3,45.39,0.3528,0.7974,347.63,330.924,2449882.73,34862.73474199325,2456565.66,21.553869815816949,305.799,95.163,9.42,0.3997,0.0519,103.95,2.416,11817.74,0.0079,0.0699,-0.0492,0.008,-1.0004,1.965629465357053e-05,-7.05225675665749e-08,0.03239934052007157,0.04030876053901585,0.00046786725048909785,0.008074670335481862,2.0327555287186726e-06,5.9789275089207158e-07,0.00059235079559293881,0.0037774278959195702,1.6146571766119677e-05,0.023708648331190286
0fce9bca-eac6-48cd-a990-1c218e7d1528,wsdiff_S82_lon_gt_minus2,0.27,1,44.011,0.1924,1.3985,122.84,254.674,2459064.93,44044.93460122822,2456578.59,351.6012949254303,291.974,86.831,8.73,0.2981,0.0176,252.67,1.918,49474.73,0.0235,0.0786,-0.2594,0.0228,-0.9628,1.813363174354022e-05,-4.537192282374794e-08,0.028802050579554258,0.033027286303833496,-0.00027262716600486383,-0.00140842931179174,1.257817419602514e-06,6.7831619435911435e-07,0.00028876908448397952,0.001787200337166991,2.8063183753221578e-05,0.024956515976784791
1d982d6f-c3f2-4758-a0f7-1d241d9e52c7,wsdiff_S82_lon_gt_minus2,0.05,1,32.264,0.4225,43.4943,301.06,183.177,2470074.6,55054.597632358316,2456565.66,287.29887897222886,183.263,103.128,12.1,0.3137,2.4944,33.1,0.006,13481.47,-0.0013,0.0549,-0.0642,-0.0012,-0.9996,1.0952729888603587e-05,-1.0467439962801073e-05,0.030428416671568936,0.021073950003371828,-0.020019275730671127,-0.013503240811735899,1.2210602443694843e-06,6.6660350413706487e-07,0.0002770318927515603,0.0017814872509509575,3.0719607803288902e-05,0.014430464960490462
73cbc241-8d66-4093-b856-f458305ef3b7,wsdiff_S82_lon_gt_minus2,0.42,1,81.845,0.6447,158.6251,46.38,180.564,2416837.72,1817.7219418426976,2456577.63,52.934003731801297,740.435,564.961,41.63,0.2156,1.1619,19.01,0.2,12631.73,0.023,0.0648,-0.2567,0.0223,-0.9639,-7.807836846266452e-06,-2.9078340251455143e-06,0.012381593638692972,-0.006117780895115386,-0.0023986393841822096,0.005574225462931413,9.7818383801262867e-07,6.720555334884129e-07,6.820398377769857e-05,0.00037582854658079861,1.4680228404558906e-05,0.0032249159241977288
fb47ca9d-a87a-44b1-b554-9ec64e85db69,wsdiff_S82_lon_gt_minus2,1.05,5,42.227,0.0909,42.3972,42.63,358.43,2466080.94,51060.94189018197,2456565.65,325.7995589434147,274.401,76.901,7.89,0.6592,3.095,403.57,0.156,87343.93,0.024,-0.005,-0.1237,0.0239,-0.9937,1.2227463150667254e-05,1.0587735015585399e-05,0.026189771872633084,0.02008573717077221,0.0183360829065412,-0.0015589096756987466,1.3832456995574695e-06,4.7409795799871002e-07,0.00032474809836838237,0.0020734852769285746,1.9319691655211297e-05,0.023256029766397762
48780d5b-91a2-420d-afd8-76b0ab1127fe,wsdiff_S82_lon_gt_minus2,1.68,1,113.024,0.6896,53.033,3.98,359.39,2457171.3,42151.30119485315,2456565.65,359.50287679816125,1201.588,227.287,14.25,0.0451,1.0673,31.77,0.005,5132.54,0.0034,-0.0118,-0.1305,0.0035,-0.9931,1.310200224915419e-05,1.7365279590238443e-05,0.029308583078157924,0.024292832353044552,0.032282549908889284,-0.001162934118074889,9.2254190920799004e-07,6.6904999482844677e-07,0.00013992790279934933,0.0008865075806084575,3.124631758699005e-05,0.0092063370076510675
6bf89287-f407-48f0-aa32-7d9a2dcfb3b6,wsdiff_S82_lon_gt_minus2,0.39,1,51.38,0.3363,14.6423,111.14,359.045,2481291.34,66271.33968746848,2456578.59,293.82089765369477,368.294,284.202,26.43,0.6011,0.6555,38.13,0.265,22117.47,0.0264,0.0776,-0.2604,0.0256,-0.9625,1.2975090769601566e-05,3.5369559196623942e-06,0.020396832557284465,0.016727149361135046,0.004361260160885104,-0.00624953386776242,9.9683565860030167e-07,6.7388197302588507e-07,0.00012439124673403957,0.00074552285161144497,1.6584995305131169e-05,0.011987764846259831
8298b936-fb8d-4c3c-9edd-b74a5e216dad,wsdiff_S82_lon_gt_minus2,0.09,1,53.945,0.3317,8.0608,111.72,356.994,2483952.98,68932.98073322745,2456576.62,291.85409743700944,396.215,306.893,27.86,0.6778,1.4129,51.23,0.886,25914.96,0.0127,0.0302,-0.2734,0.0123,-0.9598,1.2830399365344503e-05,1.6690605996564498e-06,0.01919843204012313,0.01558269889133177,0.002204581328194968,-0.00561618165481796,2.9301743110183112e-06,5.3608300954636794e-07,0.00052045349981244668,0.002931030590254023,2.7279307732782118e-05,0.012162709381870833
5ba8ca7f-c61c-4361-ba8c-a86273545992,wsdiff_S82_lon_gt_minus2,0.03,1,40.358,0.4455,23.3161,110.24,3.661,2471817.33,56797.332377408165,2456565.66,301.33062207128268,256.39,196.548,20.63,0.3843,1.6052,29.95,0.055,8636.89,-0.0054,0.0499,-0.0692,-0.0053,-0.9992,1.3476176620381898e-05,5.759572345364366e-06,0.0266687469339254,0.02272824448072812,0.009802614990221139,-0.012302262759828637,1.3181665747470058e-06,6.5148894705446651e-07,0.00026988319862945366,0.0017083861182759089,1.8173133118593321e-05,0.012623439998481813
2bedcb88-ddde-4dde-8492-f57a85f81b97,wsdiff_S82_lon_gt_minus2,4.19,3,43.971,0.1537,1.4488,238.37,201.419,2474181.07,59161.074127109256,2456565.66,300.41461405139637,291.573,204.106,20.52,0.9733,0.1639,22.01,2.073,12899.93,0.0079,0.062,-0.0571,0.008,-1.0,1.518046608256432e-05,5.695421276268451e-07,0.024746154840165027,0.024605936108690454,-0.0005917333568848863,-0.003577997723213263,1.9122518585494321e-06,4.7785135927640492e-07,0.0004466806898821227,0.0028430659864253074,1.4173616034485772e-05,0.022519048456240323
963b423e-fe06-4d81-ab6a-cf8ac56b2506,wsdiff_S82_lon_gt_minus2,3.47,5,49.119,0.1409,0.1527,177.21,276.008,2482271.35,67251.35179666895,2456565.66,286.35347431680748,344.248,266.311,25.33,1.1611,0.0015,81.35,12.933,52733.06,0.0027,0.0595,-0.0596,0.0028,-0.9999,1.4090708235074557e-05,7.641150520626925e-07,0.021226050325916474,0.01924300476426907,2.4824596276987714e-06,-0.002733987695202626,1.9053533841152546e-06,4.5618364912900518e-07,0.00038116243954974604,0.0024261895057834499,1.1756434343821937e-05,0.022120920446053183
6f599143-43c9-48e0-980a-b23c4416fb38,wsdiff_S82_lon_gt_minus2,1.9,5,53.224,0.9792,17.4816,9.35,185.435,2443611.47,28591.46801210614,2456565.65,32.904039631953211,388.289,302.685,27.66,0.1491,67.7841,33.91,10.137,1960.69,0.0137,0.0507,-0.0682,0.0138,-0.9992,3.0428476138411373e-06,-6.121404310284157e-07,0.01948859493134305,0.0033325536236097375,-0.0010460048372735776,0.016724966494465292,1.1058831277798866e-05,5.0217275178487193e-07,0.0022080942474068648,0.013583942165655572,4.0616130685604698e-05,0.004432912165783464
c46d78c1-2cac-4488-bee1-2825c70f92af,wsdiff_S82_lon_gt_minus2,0.87,3,55.086,0.1588,4.04,136.9,325.863,2491676.99,76656.99014196917,2456578.58,275.33268006322339,408.852,370.777,33.3,1.519,0.184,165.14,1.759,99596.7,0.0402,-0.0083,-0.3419,0.0377,-0.9363,1.3049081694153739e-05,6.943716582860894e-07,0.018274525256289156,0.015085731661145206,0.0008887550958979798,-0.002520561070230316,1.1495367499360398e-06,6.515485687903022e-07,0.00016048894435900687,0.00096275563615703323,2.8689252817510297e-05,0.02472459350115544
fd515066-c82c-4c8f-ba9a-4e6e6b941eb7,wsdiff_S82_lon_gt_minus2,0.79,3,40.74,0.1632,45.6134,151.31,181.15,2451552.42,36532.42498525325,2456565.65,19.014338197994238,260.034,117.578,12.28,0.4495,14.6358,369.49,0.786,67676.97,0.0278,-0.0101,-0.1288,0.0278,-0.9929,1.279929339259836e-05,-1.3318674935366567e-05,0.02975344844568617,0.02383262690938041,-0.024319728411231454,0.0020558819846299434,6.4426281872666856e-06,5.0737185501789736e-07,0.0019724669829250291,0.01205346472702469,9.731939044418849e-05,0.03255164042823188
72610188-f204-4c90-b7c6-dbc8ecc37afc,wsdiff_S82_lon_gt_minus2,0.9,3,41.523,0.2765,11.7566,279.44,186.195,2475949.03,60929.034174011555,2456576.62,288.59346636039305,267.572,211.399,21.87,0.7334,1.4501,60.63,0.495,23267.33,0.0143,0.0343,-0.2694,0.0139,-0.9609,1.467897808554994e-05,-3.328174773841248e-06,0.024995720393127526,0.02321378993519909,-0.004824686715805213,-0.006981428353532408,2.3086569777965131e-06,4.5137196631177767e-07,0.00049258874711917888,0.0028252079196773635,2.887698026556921e-05,0.019373677276789271
25db1653-609b-4855-ac41-bdd41f8d2224,wsdiff_S82_lon_gt_minus2,3.31,5,47.982,0.3757,2.693,68.93,333.767,2462571.9,47551.9032789832,2456565.65,342.17678916893823,332.363,110.085,10.59,0.2199,0.0461,30.05,0.527,3251.81,0.0231,0.0357,-0.0832,0.0232,-0.9979,1.9942769599346443e-05,5.57706813931135e-07,0.03220494091516811,0.04050177261623049,0.0016837674844924426,-0.00779694632489683,7.7436375044208519e-07,5.5839230058195467e-07,0.00013753658429618376,0.00089940202596492042,1.239081634815436e-05,0.0090745019638618571
8bd11e61-25b8-4e49-9570-f2c901b2cbf5,wsdiff_S82_lon_gt_minus2,0.59,1,51.106,0.3321,20.4983,283.43,179.4,2479790.38,64770.37778920913,2456565.66,297.30383471385096,365.346,278.979,26.02,0.5908,1.0562,32.42,0.116,19439.88,-0.0139,0.0241,-0.0951,-0.0138,-0.997,1.2900502968442877e-05,-4.53068522078602e-06,0.021006249013034765,0.017152239500771795,-0.006414535354113703,-0.006413453098435724,1.0708007131603721e-06,6.0992598202316031e-07,0.00014638590067242275,0.00093114948793964478,9.8158373317117678e-06,0.011893868609331814
560fcab8-d6d9-4f5c-ac0a-65933d2525fb,wsdiff_S82_lon_gt_minus2,1.49,5,34.924,0.0735,21.7128,245.74,185.481,2469622.18,54602.17992212763,2456565.63,297.60552028162681,206.384,157.162,17.73,1.5141,5.6425,260.96,1.181,35096.05,0.0294,0.0211,-0.0975,0.0294,-0.9965,1.648458564229424e-05,-6.128215061701308e-06,0.030401353719387618,0.030889113459271325,-0.012261331386808853,-0.002341873015789603,4.5644819950993274e-06,5.0492801018540756e-07,0.0013918968473507797,0.0086925505388390969,7.5965739913581517e-05,0.048717610473163468
a63cdf15-76cf-439a-b5b9-0174556c44e4,wsdiff_S82_lon_gt_minus2,1.31,5,37.618,0.0881,2.6224,126.61,244.233,2458620.22,43600.21507142205,2456577.62,351.26875011047281,230.728,47.761,5.19,0.2862,0.0449,631.23,1.969,123171.45,0.0422,-0.0021,-0.3206,0.04,-0.944,1.7856929504796672e-05,-5.53428614449584e-08,0.029936078407203994,0.03346371280576136,-0.0006619673639688862,-0.0008060318044486717,1.0492786275820924e-06,5.0886538870666236e-07,0.00029762118463521974,0.0018281483512069116,5.2808099036269691e-05,0.031098330899426329
cf8426ff-12c1-4a34-942d-a26833f9c98f,wsdiff_S82_lon_gt_minus2,0.04,1,44.516,0.5295,0.8498,274.8,206.551,2473840.47,58820.47265489306,2456565.63,302.63703719238316,297.014,232.136,23.19,0.432,0.2688,46.57,8.497,8481.69,0.0065,0.0218,-0.0968,0.0065,-0.9969,1.2898205396572791e-05,-1.8954354793131534e-07,0.023494432994924406,0.019164867152217747,-0.0002555417223817152,-0.012013051669846484,4.4775828409945511e-06,7.0766464178534076e-07,0.0010567714905768881,0.0064449179202633374,2.8309219607369781e-05,0.01124160953251648
3e066b3e-ea75-4f4a-bb55-e448b1dae16e,wsdiff_S82_lon_gt_minus2,0.52,1,41.395,0.6015,127.8484,107.04,359.409,2466220.34,51200.34444285557,2456565.65,324.24765521840015,266.335,196.296,20.34,0.3302,3.2555,2.12,0.026,3212.52,0.0057,-0.0189,-0.1375,0.0057,-0.9921,-9.871173365468105e-06,1.2450713517294967e-05,0.03233840464192522,-0.02018916447402912,0.025858371855128535,-0.022707897919797253,1.4037154878192163e-06,6.6415978073896693e-07,0.00036675757520770433,0.0023128300310705321,2.5059205984130741e-05,0.014212938751671638
2ca2b0c1-efa3-4dbf-b1ab-e228b7ac158c,wsdiff_S82_lon_gt_minus2,1.14,1,51.66,0.8059,10.2149,319.28,184.569,2472666.25,57646.25495069241,2456565.63,317.23290363748453,371.302,287.84,26.7,0.248,6.7104,30.45,2.504,4553.93,0.0119,0.0127,-0.1059,0.012,-0.996,8.154075556215434e-06,-1.5567269441269202e-06,0.020043929990691003,0.010341354045718842,-0.0018611530961276104,-0.0143652259622501,5.5609070924785654e-06,7.05381424777478e-07,0.0011294054225973705,0.0068858101232563826,3.275609965493997e-05,0.0058743390859788309
096eb504-31b9-4510-b866-2ff370db32df,wsdiff_S82_lon_gt_minus2,0.0,1,52.866,0.3341,61.3683,72.52,184.125,2430266.67,15246.671444857493,2456565.65,67.478433526219149,384.387,254.077,23.3,0.6138,2.58,26.43,0.063,21873.54,0.019,0.0607,-0.0583,0.0191,-0.9998,6.307204071680566e-06,-1.1542839956182938e-05,0.019679067696071362,0.00784953497842567,-0.014364400560632679,0.005776502485862551,1.0083397813494218e-06,7.0591734495305311e-07,0.0001239818376035828,0.00081794829452201006,2.4073965172172035e-05,0.011444323741736472
100f42b0-fe92-49a7-b82a-e40be8c6f592,wsdiff_S82_lon_gt_minus2,1.06,1,52.728,0.5333,17.7153,67.56,184.19,2439049.55,24029.551708850544,2456565.65,45.120509276025921,382.876,300.224,27.56,0.3945,0.9623,7.99,0.238,7289.47,0.0233,-0.0008,-0.1196,0.0232,-0.9942,1.2860163533634912e-05,-4.417225584793302e-06,0.0225967440756698,0.018408538582435158,-0.005858769057404255,0.011668510196069485,1.1203551115146852e-06,6.4951990050099666e-07,0.00016455211057881286,0.0010198713934616924,1.8930868489160912e-05,0.0094627092679575951
ecd8c8d2-81af-40eb-9f0b-68f7560b5bc0,wsdiff_S82_lon_gt_minus2,1.3,1,77.946,0.3268,64.7195,242.38,179.727,2480429.18,65409.17541355034,2456565.65,325.79898573503192,688.162,434.824,32.83,0.5595,2.6828,43.75,0.095,3688.03,0.0291,-0.0206,-0.1392,0.0289,-0.9915,5.827982870036466e-06,-1.1943569855257589e-05,0.016677948079850877,0.006125111285462076,-0.012976659865114558,-0.003717355330718883,1.1332739868318417e-06,6.3844945815384791e-07,0.00011991713674792075,0.00072488291174189698,2.0428718345333228e-05,0.0076925699528073337
d5d5074e-28d5-4575-a4e3-71ad3050e5dc,wsdiff_S82_lon_gt_minus2,1.33,1,56.19,0.6669,2.8367,140.93,354.077,2478107.39,63087.38940034015,2456565.66,309.55839416207272,421.198,326.247,29.02,0.9871,3.8732,74.01,13.933,18750.07,0.0089,0.0722,-0.0469,0.009,-1.0005,1.0019832515832724e-05,4.4477270874926603e-07,0.0184159452103326,0.01167192967210741,0.0005715692032974522,-0.010473682512962676,1.4694022390523861e-05,7.082660294576812e-07,0.0027658708680659196,0.017042339830979601,3.6665372594475938e-05,0.013405615460933287
